Date,Time,Polinka,Parking Wro≈Ñskiego,D20 - D21,GEO LO1 Geocentrum,Architecture
2024-12-12,05:00,61,192,69,267,84
2024-12-12,05:10,54,192,59,267,84
2024-12-12,05:20,54,192,58,267,84
2024-12-12,05:40,52,192,57,266,84
2024-12-12,05:50,52,192,54,266,84
2024-12-12,06:00,51,192,49,266,84
2024-12-12,06:10,51,192,45,266,84
2024-12-12,06:20,50,192,40,266,84
2024-12-12,06:30,49,192,32,264,84
2024-12-12,06:50,44,191,13,260,84
2024-12-12,07:00,38,186,0,256,83
2024-12-12,07:10,16,183,0,251,83
2024-12-12,07:30,0,173,0,236,76
2024-12-12,07:40,0,170,1,227,73
2024-12-12,07:50,0,168,0,223,69
2024-12-12,08:00,0,167,0,219,68
2024-12-12,08:20,0,165,0,205,66
2024-12-12,08:30,0,163,0,195,66
2024-12-12,08:40,0,162,0,189,63
2024-12-12,08:50,0,164,0,175,61
2024-12-12,09:00,0,164,0,164,59
2024-12-12,09:10,0,166,0,150,57
2024-12-12,09:20,0,167,0,135,58
2024-12-12,09:30,0,170,1,129,54
2024-12-12,09:40,0,172,0,122,51
2024-12-12,09:50,0,173,0,114,51
2024-12-12,10:00,0,172,0,108,50
2024-12-12,10:10,0,172,0,104,50
2024-12-12,10:20,0,172,0,104,50
2024-12-12,10:30,0,172,0,103,50
2024-12-12,10:40,0,173,0,96,53
2024-12-12,10:50,0,175,0,78,52
2024-12-12,11:00,0,178,0,67,52
2024-12-12,11:10,0,179,0,59,53
2024-12-12,11:20,0,181,0,52,54
2024-12-12,11:30,2,183,0,50,56
2024-12-12,11:40,0,184,1,47,58
2024-12-12,11:50,0,187,0,50,57
2024-12-12,12:00,0,188,0,51,58
2024-12-12,12:20,0,190,0,56,58
2024-12-12,12:30,0,190,0,55,57
2024-12-12,12:40,0,186,0,56,57
2024-12-12,12:50,1,184,0,54,55
2024-12-12,13:00,0,0,0,56,51
2024-12-12,13:20,0,4,1,54,51
2024-12-12,13:30,1,0,1,54,50
2024-12-12,13:40,0,2,0,60,50
2024-12-12,13:50,1,0,3,65,47
2024-12-12,14:00,0,2,6,65,46
2024-12-12,14:30,1,1,12,85,52
2024-12-12,14:40,2,2,16,87,54
2024-12-12,15:00,4,1,15,100,55
2024-12-12,15:10,6,16,7,103,58
2024-12-12,15:20,3,6,4,110,57
2024-12-12,15:30,3,7,9,120,55
2024-12-12,15:40,9,13,10,129,57
2024-12-12,15:50,11,11,10,133,57
2024-12-12,16:00,11,15,10,137,57
2024-12-12,16:20,12,10,12,151,56
2024-12-12,16:30,12,11,15,158,58
2024-12-12,16:40,12,12,17,160,58
2024-12-12,16:50,12,14,16,169,62
2024-12-12,17:00,14,17,14,175,64
2024-12-12,17:10,16,11,9,185,65
2024-12-12,17:20,16,16,10,187,67
2024-12-12,17:30,16,16,11,190,70
2024-12-12,17:40,16,15,13,194,71
2024-12-12,17:50,16,15,11,197,71
2024-12-12,18:00,16,15,12,197,72
2024-12-12,18:20,18,14,14,202,74
2024-12-12,18:30,19,16,15,208,75
2024-12-12,18:50,24,28,20,216,76
2024-12-12,19:00,27,29,19,220,77
2024-12-12,19:10,27,23,22,222,78
2024-12-12,19:20,27,20,21,224,78
2024-12-12,19:30,27,24,22,224,78
2024-12-12,19:40,26,25,24,224,79
2024-12-12,20:10,29,35,28,225,81
2024-12-12,20:20,29,38,29,225,81
2024-12-12,20:30,29,37,32,226,81
2024-12-12,20:40,29,39,34,229,81
2024-12-12,20:50,30,42,34,230,81
2024-12-12,05:00,61,192,69,267,84
2024-12-12,05:10,54,192,59,267,84
2024-12-12,05:20,54,192,58,267,84
2024-12-12,05:40,52,192,57,266,84
2024-12-12,05:50,52,192,54,266,84
2024-12-12,06:00,51,192,49,266,84
2024-12-12,06:10,51,192,45,266,84
2024-12-12,06:20,50,192,40,266,84
2024-12-12,06:30,49,192,32,264,84
2024-12-12,06:50,44,191,13,260,84
2024-12-12,07:00,38,186,0,256,83
2024-12-12,07:10,16,183,0,251,83
2024-12-12,07:30,0,173,0,236,76
2024-12-12,07:40,0,170,1,227,73
2024-12-12,07:50,0,168,0,223,69
2024-12-12,08:00,0,167,0,219,68
2024-12-12,08:20,0,165,0,205,66
2024-12-12,08:30,0,163,0,195,66
2024-12-12,08:40,0,162,0,189,63
2024-12-12,08:50,0,164,0,175,61
2024-12-12,09:00,0,164,0,164,59
2024-12-12,09:10,0,166,0,150,57
2024-12-12,09:20,0,167,0,135,58
2024-12-12,09:30,0,170,1,129,54
2024-12-12,09:40,0,172,0,122,51
2024-12-12,09:50,0,173,0,114,51
2024-12-12,10:00,0,172,0,108,50
2024-12-12,10:10,0,172,0,104,50
2024-12-12,10:20,0,172,0,104,50
2024-12-12,10:30,0,172,0,103,50
2024-12-12,10:40,0,173,0,96,53
2024-12-12,10:50,0,175,0,78,52
2024-12-12,11:00,0,178,0,67,52
2024-12-12,11:10,0,179,0,59,53
2024-12-12,11:20,0,181,0,52,54
2024-12-12,11:30,2,183,0,50,56
2024-12-12,11:40,0,184,1,47,58
2024-12-12,11:50,0,187,0,50,57
2024-12-12,12:00,0,188,0,51,58
2024-12-12,12:20,0,190,0,56,58
2024-12-12,12:30,0,190,0,55,57
2024-12-12,12:40,0,186,0,56,57
2024-12-12,12:50,1,184,0,54,55
2024-12-12,13:00,0,0,0,56,51
2024-12-12,13:20,0,4,1,54,51
2024-12-12,13:30,1,0,1,54,50
2024-12-12,13:40,0,2,0,60,50
2024-12-12,13:50,1,0,3,65,47
2024-12-12,14:00,0,2,6,65,46
2024-12-12,14:30,1,1,12,85,52
2024-12-12,14:40,2,2,16,87,54
2024-12-12,15:00,4,1,15,100,55
2024-12-12,15:10,6,16,7,103,58
2024-12-12,15:20,3,6,4,110,57
2024-12-12,15:30,3,7,9,120,55
2024-12-12,15:40,9,13,10,129,57
2024-12-12,15:50,11,11,10,133,57
2024-12-12,16:00,11,15,10,137,57
2024-12-12,16:20,12,10,12,151,56
2024-12-12,16:30,12,11,15,158,58
2024-12-12,16:40,12,12,17,160,58
2024-12-12,16:50,12,14,16,169,62
2024-12-12,17:00,14,17,14,175,64
2024-12-12,17:10,16,11,9,185,65
2024-12-12,17:20,16,16,10,187,67
2024-12-12,17:30,16,16,11,190,70
2024-12-12,17:40,16,15,13,194,71
2024-12-12,17:50,16,15,11,197,71
2024-12-12,18:00,16,15,12,197,72
2024-12-12,18:20,18,14,14,202,74
2024-12-12,18:30,19,16,15,208,75
2024-12-12,18:50,24,28,20,216,76
2024-12-12,19:00,27,29,19,220,77
2024-12-12,19:10,27,23,22,222,78
2024-12-12,19:20,27,20,21,224,78
2024-12-12,19:30,27,24,22,224,78
2024-12-12,19:40,26,25,24,224,79
2024-12-12,20:10,29,35,28,225,81
2024-12-12,20:20,29,38,29,225,81
2024-12-12,20:30,29,37,32,226,81
2024-12-12,20:40,29,39,34,229,81
2024-12-12,20:50,30,42,34,230,81
2024-12-13,05:00,61,192,68,267,84
2024-12-13,05:10,54,192,68,267,84
2024-12-13,05:20,54,192,67,267,84
2024-12-13,05:40,46,189,66,267,84
2024-12-13,05:50,45,187,64,266,83
2024-12-13,06:10,42,182,55,267,83
2024-12-13,06:20,40,181,53,267,83
2024-12-13,06:30,40,178,43,266,83
2024-12-13,06:40,38,163,36,266,83
2024-12-13,06:50,30,155,23,265,83
2024-12-13,07:00,20,127,0,260,81
2024-12-13,07:10,0,86,0,253,81
2024-12-13,07:20,0,54,0,240,77
2024-12-13,07:40,0,0,0,221,76
2024-12-13,07:50,0,0,0,208,73
2024-12-13,08:10,0,0,0,195,67
2024-12-13,08:20,0,0,0,188,60
2024-12-13,08:30,0,0,0,177,54
2024-12-13,08:40,0,0,0,172,52
2024-12-13,09:00,0,0,0,134,47
2024-12-13,09:10,0,0,1,119,46
2024-12-13,09:20,0,0,0,109,46
2024-12-13,09:40,0,0,0,99,44
2024-12-13,10:00,0,0,0,94,45
2024-12-13,10:10,0,0,1,93,48
2024-12-13,10:20,0,0,0,91,49
2024-12-13,10:40,0,0,0,82,48
2024-12-13,10:50,0,0,0,87,46
2024-12-13,11:00,0,3,0,88,46
2024-12-13,11:10,1,0,0,92,47
2024-12-13,11:20,0,0,0,93,47
2024-12-13,11:30,0,0,0,90,42
2024-12-13,12:10,0,0,1,92,40
2024-12-13,12:20,0,0,0,92,38
2024-12-13,12:30,0,0,1,91,39
2024-12-13,12:40,0,0,0,92,37
2024-12-13,13:00,0,2,0,93,36
2024-12-13,13:10,0,1,2,95,39
2024-12-13,13:20,0,0,0,98,41
2024-12-13,13:30,1,0,0,100,41
2024-12-13,13:40,1,2,2,104,41
2024-12-13,13:50,2,2,8,105,44
2024-12-13,14:00,4,4,16,107,44
2024-12-13,14:10,4,9,17,111,42
2024-12-13,14:20,4,15,16,115,43
2024-12-13,15:00,14,49,12,158,51
2024-12-13,15:20,13,70,13,178,57
2024-12-13,15:50,16,83,20,199,67
2024-12-13,16:00,17,89,20,204,69
2024-12-13,16:10,18,92,21,207,70
2024-12-13,16:30,18,94,18,215,72
2024-12-13,16:40,18,97,16,218,73
2024-12-13,17:10,19,101,23,235,76
2024-12-13,17:40,19,101,22,241,81
2024-12-13,18:00,18,107,22,243,81
2024-12-13,18:10,18,109,24,243,83
2024-12-13,18:20,19,112,26,243,83
2024-12-13,18:30,21,118,26,243,83
2024-12-13,18:40,21,124,35,245,83
2024-12-13,18:50,21,131,35,247,84
2024-12-13,19:10,20,133,31,250,84
2024-12-13,19:20,21,135,33,250,84
2024-12-13,19:30,21,134,35,251,84
2024-12-13,19:40,21,135,36,251,84
2024-12-13,19:50,21,136,36,252,84
2024-12-13,20:00,21,137,37,252,84
2024-12-13,05:00,61,192,68,267,84
2024-12-13,05:10,54,192,68,267,84
2024-12-13,05:20,54,192,67,267,84
2024-12-13,05:40,46,189,66,267,84
2024-12-13,05:50,45,187,64,266,83
2024-12-13,06:10,42,182,55,267,83
2024-12-13,06:20,40,181,53,267,83
2024-12-13,06:30,40,178,43,266,83
2024-12-13,06:40,38,163,36,266,83
2024-12-13,06:50,30,155,23,265,83
2024-12-13,07:00,20,127,0,260,81
2024-12-13,07:10,0,86,0,253,81
2024-12-13,07:20,0,54,0,240,77
2024-12-13,07:40,0,0,0,221,76
2024-12-13,07:50,0,0,0,208,73
2024-12-13,08:10,0,0,0,195,67
2024-12-13,08:20,0,0,0,188,60
2024-12-13,08:30,0,0,0,177,54
2024-12-13,08:40,0,0,0,172,52
2024-12-13,09:00,0,0,0,134,47
2024-12-13,09:10,0,0,1,119,46
2024-12-13,09:20,0,0,0,109,46
2024-12-13,09:40,0,0,0,99,44
2024-12-13,10:00,0,0,0,94,45
2024-12-13,10:10,0,0,1,93,48
2024-12-13,10:20,0,0,0,91,49
2024-12-13,10:40,0,0,0,82,48
2024-12-13,10:50,0,0,0,87,46
2024-12-13,11:00,0,3,0,88,46
2024-12-13,11:10,1,0,0,92,47
2024-12-13,11:20,0,0,0,93,47
2024-12-13,11:30,0,0,0,90,42
2024-12-13,12:10,0,0,1,92,40
2024-12-13,12:20,0,0,0,92,38
2024-12-13,12:30,0,0,1,91,39
2024-12-13,12:40,0,0,0,92,37
2024-12-13,13:00,0,2,0,93,36
2024-12-13,13:10,0,1,2,95,39
2024-12-13,13:20,0,0,0,98,41
2024-12-13,13:30,1,0,0,100,41
2024-12-13,13:40,1,2,2,104,41
2024-12-13,13:50,2,2,8,105,44
2024-12-13,14:00,4,4,16,107,44
2024-12-13,14:10,4,9,17,111,42
2024-12-13,14:20,4,15,16,115,43
2024-12-13,15:00,14,49,12,158,51
2024-12-13,15:20,13,70,13,178,57
2024-12-13,15:50,16,83,20,199,67
2024-12-13,16:00,17,89,20,204,69
2024-12-13,16:10,18,92,21,207,70
2024-12-13,16:30,18,94,18,215,72
2024-12-13,16:40,18,97,16,218,73
2024-12-13,17:10,19,101,23,235,76
2024-12-13,17:40,19,101,22,241,81
2024-12-13,18:00,18,107,22,243,81
2024-12-13,18:10,18,109,24,243,83
2024-12-13,18:20,19,112,26,243,83
2024-12-13,18:30,21,118,26,243,83
2024-12-13,18:40,21,124,35,245,83
2024-12-13,18:50,21,131,35,247,84
2024-12-13,19:10,20,133,31,250,84
2024-12-13,19:20,21,135,33,250,84
2024-12-13,19:30,21,134,35,251,84
2024-12-13,19:40,21,135,36,251,84
2024-12-13,19:50,21,136,36,252,84
2024-12-13,20:00,21,137,37,252,84
2024-12-13,20:20,21,142,37,253,84
2024-12-13,20:30,21,144,38,253,84
2024-12-13,20:50,21,145,40,253,84
2024-12-14,05:00,61,192,69,267,84
2024-12-14,05:10,61,192,69,267,84
2024-12-14,05:20,61,192,69,267,84
2024-12-14,05:40,61,192,69,267,84
2024-12-14,06:00,61,187,69,267,83
2024-12-14,06:10,61,187,69,267,83
2024-12-14,06:20,61,186,69,267,83
2024-12-14,06:30,61,186,69,267,83
2024-12-14,06:50,61,186,69,267,83
2024-12-14,07:10,61,179,45,267,83
2024-12-14,07:20,59,172,35,265,83
2024-12-14,07:30,58,163,23,263,83
2024-12-14,08:00,53,148,2,261,83
2024-12-14,08:10,53,137,0,261,83
2024-12-14,08:20,53,134,0,261,83
2024-12-14,08:30,52,133,1,262,83
2024-12-14,08:40,52,131,1,262,83
2024-12-14,08:50,50,129,1,261,83
2024-12-14,09:00,48,124,0,261,83
2024-12-14,09:20,40,117,0,257,83
2024-12-14,09:30,38,114,0,257,83
2024-12-14,09:40,31,105,0,256,83
2024-12-14,09:50,28,98,0,255,83
2024-12-14,10:00,23,93,1,254,83
2024-12-14,10:10,22,94,1,254,83
2024-12-14,10:20,21,91,1,255,83
2024-12-14,10:30,21,89,0,255,83
2024-12-14,10:40,21,84,0,254,83
2024-12-14,10:50,19,82,0,254,83
2024-12-14,11:10,19,73,1,254,83
2024-12-14,11:20,17,70,0,254,83
2024-12-14,11:50,15,66,0,254,83
2024-12-14,12:00,16,64,1,254,83
2024-12-14,12:10,20,64,0,254,83
2024-12-14,12:20,22,63,2,254,83
2024-12-14,12:40,25,60,0,256,83
2024-12-14,13:20,24,54,0,256,83
2024-12-14,13:30,22,55,0,257,83
2024-12-14,13:40,22,56,1,257,83
2024-12-14,13:50,22,57,1,257,83
2024-12-14,14:00,21,58,0,256,83
2024-12-14,14:10,20,60,2,256,83
2024-12-14,14:20,20,58,0,256,83
2024-12-14,14:40,21,65,0,254,83
2024-12-14,15:10,29,76,4,255,83
2024-12-14,15:20,29,78,2,261,83
2024-12-14,15:30,27,82,5,261,83
2024-12-14,15:40,27,84,4,261,83
2024-12-14,15:50,28,86,3,261,83
2024-12-14,16:00,30,88,3,262,83
2024-12-14,16:10,30,88,4,263,83
2024-12-14,16:20,30,87,3,263,83
2024-12-14,16:30,31,86,0,263,83
2024-12-14,16:40,33,87,1,263,83
2024-12-14,16:50,31,90,5,263,83
2024-12-14,17:00,31,88,6,266,83
2024-12-14,17:10,30,88,2,265,83
2024-12-14,17:20,30,92,1,264,83
2024-12-14,17:40,31,92,0,264,83
2024-12-14,17:50,31,91,0,265,83
2024-12-14,18:00,32,93,0,265,83
2024-12-14,18:10,34,99,4,265,83
2024-12-14,18:20,36,108,7,265,83
2024-12-14,18:30,42,118,9,265,83
2024-12-14,18:40,42,125,17,265,83
2024-12-14,18:50,42,136,18,265,83
2024-12-14,19:10,44,142,24,265,83
2024-12-14,19:20,44,146,26,265,83
2024-12-14,19:40,47,147,23,265,83
2024-12-14,19:50,49,148,23,265,83
2024-12-14,20:00,50,149,23,265,83
2024-12-14,20:10,50,159,27,265,83
2024-12-14,20:30,51,167,34,266,83
2024-12-14,20:40,51,167,37,266,83
2024-12-14,20:50,51,165,39,266,83
2024-12-15,05:00,61,192,69,267,84
2024-12-15,05:10,61,192,69,267,84
2024-12-15,05:30,61,192,69,267,84
2024-12-15,05:40,61,191,69,267,84
2024-12-15,05:50,61,191,69,267,84
2024-12-15,06:00,61,190,69,267,84
2024-12-15,06:20,61,190,69,267,84
2024-12-15,06:40,61,190,69,267,84
2024-12-15,06:50,61,190,69,267,84
2024-12-15,07:00,61,187,69,267,84
2024-12-15,07:10,59,181,66,267,84
2024-12-15,07:20,59,175,61,267,84
2024-12-15,07:30,59,167,52,267,84
2024-12-15,07:50,57,158,43,267,84
2024-12-15,08:00,55,150,45,267,84
2024-12-15,08:10,54,145,45,267,84
2024-12-15,08:20,53,142,44,267,84
2024-12-15,08:30,52,141,44,267,84
2024-12-15,08:40,52,141,44,266,84
2024-12-15,08:50,52,140,42,265,84
2024-12-15,09:00,52,138,40,264,84
2024-12-15,09:10,47,135,37,264,84
2024-12-15,09:30,45,129,36,261,84
2024-12-15,09:40,42,128,35,259,84
2024-12-15,09:50,41,127,34,260,84
2024-12-15,10:00,40,126,33,260,84
2024-12-15,10:10,39,126,33,260,84
2024-12-15,10:20,39,128,32,260,84
2024-12-15,10:30,39,129,32,261,84
2024-12-15,10:40,39,129,31,261,84
2024-12-15,10:50,39,131,27,261,84
2024-12-15,11:00,35,127,23,260,84
2024-12-15,11:10,35,124,17,260,84
2024-12-15,11:30,34,122,15,259,84
2024-12-15,11:40,35,124,13,259,84
2024-12-15,11:50,34,121,12,259,84
2024-12-15,12:00,33,118,12,259,84
2024-12-15,12:10,33,117,11,259,84
2024-12-15,12:20,33,117,13,259,84
2024-12-15,12:30,33,118,14,259,84
2024-12-15,12:40,34,117,16,260,84
2024-12-15,12:50,36,116,14,259,84
2024-12-15,13:00,37,116,17,259,84
2024-12-15,13:10,36,116,17,259,84
2024-12-15,13:20,34,117,17,258,84
2024-12-15,13:30,34,117,16,258,84
2024-12-15,13:40,34,117,16,258,84
2024-12-15,13:50,34,115,17,258,84
2024-12-15,14:00,34,117,18,257,84
2024-12-15,14:10,34,122,23,257,84
2024-12-15,14:20,37,124,25,257,84
2024-12-15,14:30,37,125,25,257,84
2024-12-15,14:40,39,130,25,257,84
2024-12-15,14:50,39,132,26,257,84
2024-12-15,15:00,41,133,27,257,84
2024-12-15,15:10,41,131,25,257,84
2024-12-15,15:20,41,128,25,256,84
2024-12-15,15:30,39,128,24,256,84
2024-12-15,15:50,38,127,23,256,84
2024-12-15,16:00,39,129,24,257,84
2024-12-15,16:10,39,130,26,257,84
2024-12-15,16:20,39,128,26,257,84
2024-12-15,16:30,40,128,27,258,84
2024-12-15,16:40,40,129,26,258,84
2024-12-15,16:50,39,128,25,258,84
2024-12-15,17:00,40,127,26,257,84
2024-12-15,17:10,39,131,24,256,84
2024-12-15,17:20,40,135,27,259,84
2024-12-15,17:30,41,137,27,259,84
2024-12-15,17:40,41,140,27,260,84
2024-12-15,17:50,41,139,30,259,84
2024-12-15,18:00,47,137,30,260,84
2024-12-15,18:10,53,136,31,261,84
2024-12-15,18:20,53,136,28,261,84
2024-12-15,18:30,53,136,27,261,84
2024-12-15,18:40,53,143,32,261,84
2024-12-15,18:50,56,152,37,263,84
2024-12-15,19:00,56,150,37,264,84
2024-12-15,19:10,56,153,38,264,84
2024-12-15,19:20,57,153,38,264,84
2024-12-15,19:30,57,153,38,264,84
2024-12-15,19:40,57,155,39,264,84
2024-12-15,19:50,59,163,42,264,84
2024-12-15,20:00,61,168,44,265,84
2024-12-15,20:10,61,169,45,264,84
2024-12-15,20:20,61,170,45,264,84
2024-12-15,20:30,61,173,49,264,84
2024-12-15,20:40,61,181,56,264,84
2024-12-15,20:50,61,183,59,264,84
2024-12-16,05:00,30,192,68,267,84
2024-12-16,05:10,30,188,68,267,84
2024-12-16,05:20,30,188,67,267,84
2024-12-16,05:30,29,188,67,267,84
2024-12-16,05:40,29,183,66,266,84
2024-12-16,05:50,28,183,62,264,84
2024-12-16,06:00,26,180,58,264,84
2024-12-16,06:10,24,179,54,264,84
2024-12-16,06:20,23,179,48,263,84
2024-12-16,06:30,22,173,40,263,84
2024-12-16,06:40,22,163,31,262,84
2024-12-16,06:50,18,150,18,255,84
2024-12-16,07:00,9,118,10,251,83
2024-12-16,07:10,0,86,2,242,81
2024-12-16,07:20,0,52,0,235,78
2024-12-16,07:30,0,17,0,224,73
2024-12-16,07:40,0,4,0,216,69
2024-12-16,07:50,0,0,0,203,65
2024-12-16,08:00,0,0,0,195,62
2024-12-16,08:10,0,0,0,185,57
2024-12-16,08:40,0,0,0,161,42
2024-12-16,08:50,0,0,0,148,39
2024-12-16,09:10,0,0,0,120,31
2024-12-16,09:30,0,0,0,101,28
2024-12-16,09:40,0,0,0,103,28
2024-12-16,10:30,0,0,0,87,30
2024-12-16,10:50,0,0,1,73,28
2024-12-16,11:00,1,0,0,63,27
2024-12-16,11:10,0,0,0,58,27
2024-12-16,11:20,0,0,0,49,28
2024-12-16,11:30,0,0,1,50,27
2024-12-16,11:50,0,0,1,50,30
2024-12-16,12:30,0,0,0,43,28
2024-12-16,13:00,1,0,1,39,29
2024-12-16,13:10,0,0,0,41,28
2024-12-16,13:20,0,0,2,46,31
2024-12-16,13:40,0,2,3,46,28
2024-12-16,13:50,0,5,4,49,28
2024-12-16,14:00,0,6,5,54,29
2024-12-16,14:20,1,3,5,64,35
2024-12-16,15:00,4,29,12,87,38
2024-12-16,15:10,3,45,16,104,37
2024-12-16,15:20,2,53,10,110,38
2024-12-16,15:30,3,56,14,127,38
2024-12-16,15:40,2,62,18,132,42
2024-12-16,15:50,3,67,18,142,41
2024-12-16,16:00,5,73,22,148,42
2024-12-16,16:20,4,80,27,155,49
2024-12-16,16:30,4,80,29,159,50
2024-12-16,16:40,3,76,28,169,52
2024-12-16,16:50,2,77,29,172,53
2024-12-16,17:00,3,88,25,177,54
2024-12-16,17:10,3,95,24,183,58
2024-12-16,17:20,2,94,25,187,63
2024-12-16,17:30,2,97,24,190,65
2024-12-16,17:40,2,97,27,193,67
2024-12-16,17:50,2,98,26,196,66
2024-12-16,18:00,3,98,29,198,68
2024-12-16,18:20,1,102,31,201,70
2024-12-16,18:30,0,110,28,205,73
2024-12-16,18:40,2,115,31,206,74
2024-12-16,18:50,5,124,30,210,76
2024-12-16,19:00,6,124,31,215,76
2024-12-16,19:20,6,130,33,219,80
2024-12-16,19:30,6,134,34,220,80
2024-12-16,19:40,6,137,34,222,80
2024-12-16,19:50,6,139,34,222,81
2024-12-16,20:00,6,141,35,222,81
2024-12-16,20:10,6,143,36,223,82
2024-12-16,20:20,6,148,36,225,83
2024-12-16,20:30,6,155,41,228,83
2024-12-16,20:50,9,162,51,232,83
2024-12-17,05:00,54,192,68,267,84
2024-12-17,05:30,53,192,67,267,84
2024-12-17,05:40,53,189,66,266,84
2024-12-17,06:00,49,184,57,264,84
2024-12-17,06:10,48,184,52,263,84
2024-12-17,06:20,48,178,49,262,84
2024-12-17,06:40,44,168,33,261,84
2024-12-17,06:50,40,158,21,258,84
2024-12-17,07:00,33,129,0,257,84
2024-12-17,07:10,17,96,0,252,82
2024-12-17,07:20,6,66,0,244,81
2024-12-17,07:30,0,32,0,230,77
2024-12-17,07:40,0,10,0,223,74
2024-12-17,08:00,0,0,0,215,64
2024-12-17,08:10,0,3,0,203,62
2024-12-17,08:20,0,1,0,198,58
2024-12-17,08:30,0,0,0,188,56
2024-12-17,08:40,0,0,0,174,54
2024-12-17,08:50,0,1,0,159,54
2024-12-17,09:00,0,0,0,143,50
2024-12-17,09:10,0,3,0,129,48
2024-12-17,09:20,0,2,0,121,46
2024-12-17,09:30,0,0,0,123,45
2024-12-17,09:40,0,0,0,118,45
2024-12-17,09:50,1,0,0,112,45
2024-12-17,10:00,0,0,0,111,43
2024-12-17,10:10,0,0,0,108,42
2024-12-17,10:30,0,0,0,99,41
2024-12-17,10:40,0,0,0,95,40
2024-12-17,11:00,0,0,0,84,37
2024-12-17,11:10,0,0,0,68,38
2024-12-17,11:40,0,2,0,65,34
2024-12-17,11:50,0,0,0,64,35
2024-12-17,12:10,0,5,0,66,33
2024-12-17,12:20,3,1,0,65,30
2024-12-17,12:30,2,1,0,63,30
2024-12-17,12:50,0,0,0,61,28
2024-12-17,13:00,0,1,0,62,29
2024-12-17,13:10,1,0,1,67,28
2024-12-17,13:20,0,4,1,73,29
2024-12-17,13:30,0,5,1,75,31
2024-12-17,13:50,0,2,0,81,31
2024-12-17,14:10,3,9,8,90,31
2024-12-17,14:20,3,19,11,99,33
2024-12-17,14:40,3,24,11,99,39
2024-12-17,15:00,3,45,16,123,42
2024-12-17,15:20,9,82,14,135,43
2024-12-17,15:30,12,93,18,142,48
2024-12-17,15:40,11,105,22,149,54
2024-12-17,15:50,13,106,20,157,56
2024-12-17,16:00,14,112,20,159,55
2024-12-17,16:10,14,114,20,161,55
2024-12-17,16:30,16,114,19,170,55
2024-12-17,16:40,15,122,24,176,55
2024-12-17,16:50,15,125,20,180,58
2024-12-17,17:00,9,130,15,192,62
2024-12-17,17:10,9,130,12,202,64
2024-12-17,17:20,11,129,14,205,68
2024-12-17,17:30,13,127,12,204,66
2024-12-17,17:50,13,124,11,206,68
2024-12-17,18:00,14,127,12,207,67
2024-12-17,18:10,16,127,12,207,69
2024-12-17,18:20,16,126,16,209,68
2024-12-17,18:30,18,130,17,210,68
2024-12-17,18:50,19,141,18,220,67
2024-12-17,19:00,21,145,24,227,65
2024-12-17,19:10,21,143,23,229,66
2024-12-17,19:30,22,142,24,234,68
2024-12-17,19:40,22,145,26,236,71
2024-12-17,19:50,22,147,30,238,71
2024-12-17,20:00,22,149,31,239,71
2024-12-17,20:10,23,149,34,241,74
2024-12-17,20:30,27,163,38,243,79
2024-12-17,20:40,29,168,41,246,82
2024-12-17,20:50,29,172,43,248,83
2024-12-18,05:00,61,192,68,267,84
2024-12-18,05:10,55,192,68,267,84
2024-12-18,05:20,55,192,67,267,84
2024-12-18,05:50,54,184,61,265,84
2024-12-18,06:00,50,183,58,262,84
2024-12-18,06:10,47,181,48,262,84
2024-12-18,06:20,47,177,46,262,84
2024-12-18,06:30,47,172,37,262,84
2024-12-18,06:40,47,166,27,262,84
2024-12-18,06:50,40,148,5,257,84
2024-12-18,07:00,34,120,0,256,83
2024-12-18,07:10,13,88,0,250,82
2024-12-18,07:20,0,52,0,242,81
2024-12-18,07:30,0,21,0,232,78
2024-12-18,07:50,0,2,0,215,67
2024-12-18,08:00,0,1,0,208,65
2024-12-18,08:10,0,0,0,203,61
2024-12-18,08:20,0,0,0,193,59
2024-12-18,08:40,0,0,0,168,57
2024-12-18,08:50,0,0,0,152,56
2024-12-18,09:00,0,0,0,134,54
2024-12-18,09:10,0,0,0,115,50
2024-12-18,09:20,0,0,0,103,46
2024-12-18,09:30,0,1,0,97,46
2024-12-18,09:40,1,0,0,91,44
2024-12-18,09:50,1,0,0,90,41
2024-12-18,10:00,0,1,0,87,40
2024-12-18,10:20,0,0,0,76,40
2024-12-18,10:30,0,0,0,72,39
2024-12-18,10:40,0,0,0,71,38
2024-12-18,10:50,0,0,0,65,39
2024-12-18,11:00,0,0,1,55,39
2024-12-18,11:10,0,0,0,51,38
2024-12-18,11:20,0,0,0,41,35
2024-12-18,11:30,1,0,0,39,36
2024-12-18,11:40,1,0,0,37,36
2024-12-18,11:50,1,0,0,36,36
2024-12-18,12:30,1,1,0,46,36
2024-12-18,12:40,0,2,0,45,37
2024-12-18,13:00,0,0,3,41,38
2024-12-18,13:10,0,0,0,40,39
2024-12-18,13:20,0,0,0,44,40
2024-12-18,13:30,0,1,0,45,39
2024-12-18,13:40,1,4,1,54,39
2024-12-18,14:00,2,8,1,63,42
2024-12-18,14:10,2,16,2,65,43
2024-12-18,14:20,3,18,0,69,46
2024-12-18,14:30,2,23,0,76,50
2024-12-18,14:40,2,23,2,83,52
2024-12-18,14:50,3,28,2,93,51
2024-12-18,15:10,11,31,4,112,52
2024-12-18,15:20,13,42,3,119,51
2024-12-18,15:30,16,43,5,123,50
2024-12-18,15:40,16,53,4,130,52
2024-12-18,15:50,17,55,7,140,53
2024-12-18,16:00,18,61,8,145,53
2024-12-18,16:10,18,64,8,150,54
2024-12-18,16:20,18,69,9,154,57
2024-12-18,16:30,19,72,10,159,59
2024-12-18,16:40,17,73,11,163,59
2024-12-18,16:50,19,78,12,166,58
2024-12-18,17:00,18,81,8,171,60
2024-12-18,17:20,14,88,3,181,62
2024-12-18,17:30,14,87,3,181,63
2024-12-18,17:40,14,87,5,185,65
2024-12-18,17:50,15,91,6,187,66
2024-12-18,18:00,15,93,5,189,68
2024-12-18,18:10,18,98,9,190,69
2024-12-18,18:40,20,120,19,202,73
2024-12-18,18:50,20,125,20,210,73
2024-12-18,19:00,19,129,13,213,73
2024-12-18,19:10,20,128,13,216,73
2024-12-18,19:20,20,128,15,219,76
2024-12-18,19:30,21,128,14,219,76
2024-12-18,19:50,23,129,18,222,78
2024-12-18,20:00,23,131,21,222,79
2024-12-18,20:10,23,133,23,223,80
2024-12-18,20:30,26,135,25,223,81
2024-12-18,20:40,27,142,30,227,81
2024-12-18,20:50,27,144,37,227,82
2024-12-19,05:00,61,192,68,267,84
2024-12-19,05:10,61,192,68,267,84
2024-12-19,05:20,52,192,67,267,84
2024-12-19,05:30,51,192,67,266,84
2024-12-19,05:40,51,189,66,266,84
2024-12-19,06:00,48,187,60,264,84
2024-12-19,06:10,48,186,55,264,84
2024-12-19,06:20,47,183,50,264,84
2024-12-19,06:30,47,178,42,264,84
2024-12-19,06:40,45,170,33,264,84
2024-12-19,06:50,42,158,24,262,84
2024-12-19,07:00,24,136,12,257,84
2024-12-19,07:10,3,119,3,248,82
2024-12-19,07:20,0,88,0,238,80
2024-12-19,07:30,0,56,0,230,77
2024-12-19,07:40,0,23,0,225,69
2024-12-19,07:50,0,8,0,215,69
2024-12-19,08:00,0,5,0,214,67
2024-12-19,08:10,0,4,0,206,63
2024-12-19,08:20,0,0,0,196,61
2024-12-19,08:30,0,0,0,184,60
2024-12-19,08:50,0,0,0,162,56
2024-12-19,09:00,0,0,1,148,55
2024-12-19,09:10,0,0,0,143,56
2024-12-19,09:20,0,0,0,130,53
2024-12-19,09:30,1,0,0,124,52
2024-12-19,09:50,0,0,0,115,47
2024-12-19,10:00,0,0,1,111,44
2024-12-19,10:30,0,0,0,99,42
2024-12-19,10:40,0,0,0,93,42
2024-12-19,10:50,0,1,1,91,42
2024-12-19,11:00,0,0,0,82,39
2024-12-19,11:10,0,0,0,69,38
2024-12-19,11:20,0,0,0,64,43
2024-12-19,11:30,0,0,0,60,40
2024-12-19,11:40,-5,1,1,58,40
2024-12-19,12:00,-4,0,3,61,42
2024-12-19,12:30,-4,0,0,62,44
2024-12-19,12:40,-4,0,2,61,45
2024-12-19,13:00,-2,0,0,61,42
2024-12-19,13:10,0,0,0,62,40
2024-12-19,13:20,0,0,0,62,40
2024-12-19,13:30,0,3,0,66,38
2024-12-19,13:40,0,3,0,65,39
2024-12-19,13:50,0,2,1,71,39
2024-12-19,14:10,1,1,2,73,39
2024-12-19,14:20,2,4,4,75,38
2024-12-19,14:30,3,7,2,83,39
2024-12-19,14:40,2,11,3,91,41
2024-12-19,14:50,0,12,4,101,44
2024-12-19,15:00,1,14,3,115,45
2024-12-19,15:10,7,17,6,120,52
2024-12-19,15:20,10,17,8,132,51
2024-12-19,15:30,12,22,6,135,56
2024-12-19,15:40,13,35,7,144,56
2024-12-19,16:00,11,46,5,153,60
2024-12-19,16:10,12,50,7,154,61
2024-12-19,16:20,14,49,11,162,60
2024-12-19,16:30,14,48,12,165,61
2024-12-19,16:40,14,51,15,171,64
2024-12-19,16:50,14,52,13,170,64
2024-12-19,17:00,15,58,11,175,66
2024-12-19,17:10,19,51,9,182,67
2024-12-19,17:20,19,53,15,180,68
2024-12-19,17:30,20,54,16,181,69
2024-12-19,17:40,21,57,15,185,70
2024-12-19,18:00,22,59,16,194,71
2024-12-19,18:10,23,62,21,193,72
2024-12-19,18:20,23,70,21,197,71
2024-12-19,18:30,24,75,25,201,72
2024-12-19,18:40,25,78,31,204,72
2024-12-19,18:50,24,89,34,209,75
2024-12-19,19:10,26,99,31,216,77
2024-12-19,20:00,28,112,41,222,81
2024-12-19,20:10,28,114,43,223,81
2024-12-19,20:20,28,115,45,224,81
2024-12-19,20:30,29,117,49,223,81
2024-12-19,20:40,29,121,53,225,81
2024-12-19,20:50,28,124,54,232,81
2024-12-20,05:00,61,192,68,267,84
2024-12-20,05:10,61,192,67,267,84
2024-12-20,05:20,52,192,67,267,84
2024-12-20,05:30,51,192,67,267,84
2024-12-20,05:40,51,187,66,267,84
2024-12-20,05:50,50,184,66,265,84
2024-12-20,06:00,49,183,61,265,84
2024-12-20,06:20,48,179,51,264,84
2024-12-20,06:30,48,176,44,263,84
2024-12-20,06:40,47,167,37,262,84
2024-12-20,06:50,45,155,30,260,84
2024-12-20,07:00,35,128,15,254,84
2024-12-20,07:20,0,68,0,243,81
2024-12-20,07:30,0,40,0,235,79
2024-12-20,07:40,0,19,0,228,73
2024-12-20,07:50,0,9,0,221,73
2024-12-20,08:00,0,5,0,213,72
2024-12-20,08:10,0,0,0,208,72
2024-12-20,08:20,0,0,0,200,72
2024-12-20,08:50,0,0,0,172,63
2024-12-20,09:00,0,1,0,160,54
2024-12-20,09:10,1,2,0,144,53
2024-12-20,09:20,3,0,0,135,52
2024-12-20,09:30,1,0,1,129,51
2024-12-20,09:50,0,0,0,126,50
2024-12-20,10:00,0,2,0,120,50
2024-12-20,10:10,2,0,1,119,50
2024-12-20,10:50,0,0,0,117,51
2024-12-20,11:00,0,0,0,117,51
2024-12-20,11:10,0,0,0,115,50
2024-12-20,11:20,0,1,0,113,51
2024-12-20,11:30,0,0,0,120,50
2024-12-20,11:40,0,0,1,120,48
2024-12-20,11:50,0,0,1,120,47
2024-12-20,12:00,0,5,1,125,48
2024-12-20,12:20,1,5,2,128,49
2024-12-20,12:30,0,2,0,127,49
2024-12-20,12:40,1,0,1,129,46
2024-12-20,12:50,2,0,1,133,49
2024-12-20,13:00,0,0,0,131,49
2024-12-20,13:10,1,4,3,135,53
2024-12-20,13:20,0,1,0,137,55
2024-12-20,13:30,3,4,2,141,54
2024-12-20,13:40,2,8,2,144,57
2024-12-20,13:50,0,16,4,146,57
2024-12-20,14:00,2,21,9,149,56
2024-12-20,14:10,4,27,11,152,60
2024-12-20,14:20,4,33,11,159,60
2024-12-20,14:30,6,42,12,163,61
2024-12-20,14:40,6,51,15,166,62
2024-12-20,15:20,9,84,34,192,66
2024-12-20,15:30,10,85,33,198,68
2024-12-20,15:40,15,97,31,204,69
2024-12-20,15:50,18,108,35,211,70
2024-12-20,16:00,19,113,35,212,71
2024-12-20,16:30,20,124,41,225,75
2024-12-20,16:40,20,124,41,225,76
2024-12-20,16:50,24,131,41,225,77
2024-12-20,17:00,26,136,42,228,77
2024-12-20,17:10,27,142,41,232,77
2024-12-20,17:20,27,144,41,233,79
2024-12-20,17:40,29,150,40,237,83
2024-12-20,17:50,29,152,42,237,83
2024-12-20,18:20,33,159,42,239,84
2024-12-20,18:40,34,163,42,242,84
2024-12-20,18:50,34,168,44,242,84
2024-12-20,19:00,33,168,45,242,84
2024-12-20,19:10,33,169,45,242,84
2024-12-20,19:20,32,170,45,242,84
2024-12-20,19:30,33,171,46,243,84
2024-12-20,19:40,33,171,48,243,84
2024-12-20,19:50,33,172,46,243,84
2024-12-20,20:00,33,175,47,244,84
2024-12-20,20:20,33,174,47,246,84
2024-12-20,20:30,33,174,49,246,84
2024-12-20,20:50,33,175,48,247,84
2024-12-21,05:00,61,192,69,267,84
2024-12-21,05:10,61,192,69,267,84
2024-12-21,05:20,61,192,69,267,84
2024-12-21,05:30,61,192,69,267,84
2024-12-21,05:40,61,192,69,267,84
2024-12-21,05:50,61,189,69,267,83
2024-12-21,06:00,61,189,69,267,83
2024-12-21,06:10,61,189,69,267,83
2024-12-21,06:30,61,189,69,267,83
2024-12-21,06:40,56,189,47,267,83
2024-12-21,06:50,56,189,54,267,83
2024-12-21,07:00,56,188,54,267,83
2024-12-21,07:20,56,181,43,266,83
2024-12-21,07:30,56,173,31,264,83
2024-12-21,07:40,56,171,14,264,83
2024-12-21,08:00,56,171,12,264,83
2024-12-21,08:10,56,171,12,264,83
2024-12-21,08:20,55,171,12,264,83
2024-12-21,08:30,55,170,10,264,83
2024-12-21,08:40,55,170,9,264,83
2024-12-21,08:50,55,171,9,264,83
2024-12-21,09:00,55,171,9,263,83
2024-12-21,09:10,54,172,5,263,83
2024-12-21,09:30,54,170,4,262,83
2024-12-21,09:40,54,170,2,261,83
2024-12-21,10:00,54,167,1,261,83
2024-12-21,10:10,54,169,1,261,83
2024-12-21,10:30,54,166,0,261,83
2024-12-21,10:40,53,167,0,261,83
2024-12-21,11:00,53,164,4,261,83
2024-12-21,11:10,53,163,3,261,83
2024-12-21,11:20,53,163,1,261,83
2024-12-21,11:30,52,161,1,261,83
2024-12-21,11:40,52,161,0,261,83
2024-12-21,11:50,52,161,1,261,83
2024-12-21,12:10,53,158,2,261,83
2024-12-21,12:20,53,159,1,261,83
2024-12-21,12:40,53,159,1,261,83
2024-12-21,12:50,53,159,1,260,83
2024-12-21,13:00,54,159,1,260,83
2024-12-21,13:10,53,156,0,260,83
2024-12-21,13:20,53,157,0,259,83
2024-12-21,13:30,53,156,2,259,83
2024-12-21,13:40,53,156,2,259,83
2024-12-21,13:50,53,156,1,259,83
2024-12-21,14:00,53,156,2,259,83
2024-12-21,14:20,52,158,2,260,83
2024-12-21,14:30,52,161,5,260,83
2024-12-21,14:40,52,162,5,260,83
2024-12-21,14:50,52,161,3,260,83
2024-12-21,15:00,52,160,4,260,83
2024-12-21,15:20,52,161,5,260,83
2024-12-21,15:30,52,161,6,260,83
2024-12-21,15:40,53,158,7,260,83
2024-12-21,15:50,53,161,6,260,83
2024-12-21,16:00,53,160,5,260,83
2024-12-21,16:10,53,161,5,261,83
2024-12-21,16:20,53,162,7,261,83
2024-12-21,16:30,53,161,9,262,83
2024-12-21,16:50,53,160,8,264,83
2024-12-21,17:00,53,159,10,264,83
2024-12-21,17:10,53,159,12,266,83
2024-12-21,17:20,53,159,13,267,83
2024-12-21,17:30,53,159,13,267,83
2024-12-21,17:40,53,157,13,267,84
2024-12-21,17:50,53,159,16,267,84
2024-12-21,18:00,52,160,16,267,84
2024-12-21,18:10,52,161,15,267,84
2024-12-21,18:20,52,161,20,267,84
2024-12-21,18:30,52,168,23,267,84
2024-12-21,18:40,52,170,27,267,84
2024-12-21,19:00,52,176,28,267,84
2024-12-21,19:10,52,178,28,267,84
2024-12-21,19:20,52,179,29,267,84
2024-12-21,19:30,52,179,29,267,84
2024-12-21,19:40,53,179,29,267,84
2024-12-21,20:00,53,179,32,267,84
2024-12-21,20:20,53,183,37,267,84
2024-12-21,20:30,53,185,39,267,84
2024-12-21,20:40,53,187,40,267,84
2024-12-21,20:50,53,187,40,267,84
2024-12-22,05:00,61,192,69,267,84
2024-12-22,05:10,61,192,69,267,84
2024-12-22,05:20,61,192,69,267,84
2024-12-22,05:30,61,192,69,267,84
2024-12-22,05:40,61,192,69,267,84
2024-12-22,05:50,61,192,68,267,84
2024-12-22,06:00,58,192,68,267,84
2024-12-22,06:10,58,192,68,267,84
2024-12-22,06:20,58,191,68,267,84
2024-12-22,06:30,58,191,68,267,84
2024-12-22,06:40,58,191,68,267,84
2024-12-22,07:00,58,191,67,267,84
2024-12-22,07:20,58,189,62,267,83
2024-12-22,07:30,58,188,54,266,83
2024-12-22,07:50,58,186,41,266,83
2024-12-22,08:00,58,184,41,266,83
2024-12-22,08:10,58,179,41,266,83
2024-12-22,08:40,58,177,40,266,83
2024-12-22,08:50,58,175,40,266,83
2024-12-22,09:00,58,174,38,263,83
2024-12-22,09:10,58,169,35,263,83
2024-12-22,09:20,58,169,34,263,83
2024-12-22,09:30,58,169,36,263,83
2024-12-22,09:50,58,168,36,264,83
2024-12-22,10:00,58,167,34,265,83
2024-12-22,10:10,58,168,33,265,83
2024-12-22,10:20,58,167,32,265,83
2024-12-22,10:30,58,167,33,265,83
2024-12-22,10:40,58,167,33,266,83
2024-12-22,10:50,58,167,31,266,83
2024-12-22,11:10,57,162,24,266,83
2024-12-22,11:20,57,162,23,266,83
2024-12-22,11:30,57,162,20,266,83
2024-12-22,11:40,57,162,19,265,83
2024-12-22,12:00,57,162,18,264,83
2024-12-22,12:10,57,162,18,264,83
2024-12-22,12:20,57,162,19,264,83
2024-12-22,12:30,57,161,21,264,83
2024-12-22,12:40,57,162,24,266,83
2024-12-22,12:50,57,162,26,266,83
2024-12-22,13:00,57,160,32,266,83
2024-12-22,13:10,57,161,31,266,83
2024-12-22,13:20,58,162,30,265,83
2024-12-22,13:30,58,161,31,265,83
2024-12-22,13:40,58,161,31,265,83
2024-12-22,13:50,58,161,31,265,83
2024-12-22,14:00,58,159,31,265,83
2024-12-22,14:10,58,157,33,265,83
2024-12-22,14:20,58,159,33,265,83
2024-12-22,14:30,58,160,32,265,83
2024-12-22,14:40,58,164,33,265,83
2024-12-22,14:50,58,168,34,265,83
2024-12-22,15:00,58,168,36,265,83
2024-12-22,15:10,58,167,37,265,83
2024-12-22,15:30,58,169,37,265,83
2024-12-22,15:50,58,170,38,265,83
2024-12-22,16:00,58,169,37,265,83
2024-12-22,16:10,58,171,36,266,83
2024-12-22,16:30,58,171,38,266,83
2024-12-22,16:40,58,170,39,266,83
2024-12-22,17:00,58,171,37,266,83
2024-12-22,17:10,58,173,35,266,83
2024-12-22,17:30,58,172,34,266,83
2024-12-22,17:40,58,172,36,266,83
2024-12-22,17:50,58,173,41,266,83
2024-12-22,18:00,58,175,42,266,83
2024-12-22,18:10,58,175,42,266,83
2024-12-22,18:30,58,177,44,266,83
2024-12-22,18:40,58,178,47,266,83
2024-12-22,18:50,58,178,48,266,83
2024-12-22,19:00,58,179,51,266,83
2024-12-22,19:10,58,179,50,266,83
2024-12-22,19:20,58,179,50,266,83
2024-12-22,19:30,58,179,50,266,83
2024-12-22,19:50,58,183,54,266,83
2024-12-22,20:00,58,184,55,266,83
2024-12-22,20:20,58,185,57,266,83
2024-12-22,20:50,58,189,60,266,83
2024-12-23,05:00,61,192,69,267,84
2024-12-23,05:10,61,192,69,267,84
2024-12-23,05:30,55,192,68,267,84
2024-12-23,05:40,55,189,67,267,84
2024-12-23,05:50,55,188,65,266,84
2024-12-23,06:20,54,188,59,264,84
2024-12-23,06:30,54,188,56,264,84
2024-12-23,06:40,54,185,54,264,84
2024-12-23,06:50,54,176,51,263,84
2024-12-23,07:00,51,171,44,262,84
2024-12-23,07:10,50,166,37,261,84
2024-12-23,07:20,47,164,34,259,83
2024-12-23,07:30,46,157,29,259,81
2024-12-23,07:50,43,152,26,256,80
2024-12-23,08:00,43,144,25,254,80
2024-12-23,08:10,42,144,25,252,80
2024-12-23,08:20,40,145,25,253,79
2024-12-23,08:30,40,141,24,254,79
2024-12-23,08:40,40,142,23,254,78
2024-12-23,09:00,39,140,24,254,77
2024-12-23,09:10,39,138,23,253,78
2024-12-23,09:20,39,139,24,254,79
2024-12-23,09:40,39,142,23,253,78
2024-12-23,09:50,40,141,23,252,77
2024-12-23,10:00,40,140,25,251,77
2024-12-23,10:20,40,139,22,249,78
2024-12-23,10:30,40,139,22,249,78
2024-12-23,10:40,40,139,23,249,78
2024-12-23,10:50,40,140,22,250,78
2024-12-23,11:00,40,140,22,251,78
2024-12-23,11:10,40,140,22,252,78
2024-12-23,11:20,40,140,20,252,77
2024-12-23,11:30,40,139,20,252,77
2024-12-23,11:50,39,143,18,252,79
2024-12-23,12:00,39,144,18,252,79
2024-12-23,12:10,39,146,20,252,78
2024-12-23,12:20,40,147,26,252,78
2024-12-23,12:30,42,147,28,253,78
2024-12-23,12:40,42,147,31,252,79
2024-12-23,12:50,42,153,35,253,80
2024-12-23,13:00,43,157,35,253,80
2024-12-23,13:10,43,165,38,254,80
2024-12-23,13:20,44,167,39,255,81
2024-12-23,13:30,45,169,40,255,81
2024-12-23,13:40,47,178,46,257,82
2024-12-23,13:50,51,181,48,257,82
2024-12-23,14:10,51,182,48,258,83
2024-12-23,14:30,51,188,52,259,83
2024-12-23,14:40,51,190,54,260,83
2024-12-23,15:10,51,192,55,261,83
2024-12-23,15:20,51,192,55,261,83
2024-12-23,15:30,51,192,55,261,83
2024-12-23,15:40,52,191,58,261,83
2024-12-23,15:50,52,191,58,261,83
2024-12-23,16:00,52,192,60,264,83
2024-12-23,16:10,52,191,61,264,83
2024-12-23,16:20,53,191,62,264,83
2024-12-23,16:30,53,191,63,264,83
2024-12-23,16:40,53,191,63,264,83
2024-12-23,16:50,53,191,63,265,83
2024-12-23,17:00,53,191,62,265,83
2024-12-23,17:20,53,191,63,264,83
2024-12-23,17:30,53,190,62,265,83
2024-12-23,17:50,53,192,60,266,83
2024-12-23,18:00,53,192,59,266,83
2024-12-23,18:20,53,192,59,266,83
2024-12-23,18:30,53,192,56,266,83
2024-12-23,18:40,53,192,56,266,83
2024-12-23,18:50,53,192,55,266,83
2024-12-23,19:00,53,192,56,267,83
2024-12-23,19:10,53,192,57,267,83
2024-12-23,19:20,53,192,57,267,83
2024-12-23,19:30,53,192,57,267,83
2024-12-23,19:40,53,192,57,267,83
2024-12-23,19:50,53,192,57,266,83
2024-12-23,20:00,53,192,58,267,83
2024-12-23,20:10,53,191,58,267,83
2024-12-23,20:20,53,191,60,267,83
2024-12-23,20:40,53,192,62,267,83
2024-12-23,20:50,53,192,61,267,83
2024-12-24,05:00,61,192,69,267,84
2024-12-24,05:10,61,192,69,267,84
2024-12-24,05:20,60,192,69,267,84
2024-12-24,05:30,60,192,69,267,84
2024-12-24,05:50,60,190,68,267,83
2024-12-24,06:00,60,190,68,267,83
2024-12-24,06:10,60,190,68,267,83
2024-12-24,06:20,60,190,68,267,83
2024-12-24,06:30,60,190,68,267,83
2024-12-24,06:40,60,190,68,267,83
2024-12-24,06:50,60,189,68,267,83
2024-12-24,07:00,60,189,68,267,83
2024-12-24,07:10,60,188,68,267,83
2024-12-24,07:20,60,188,68,267,83
2024-12-24,07:30,60,188,68,267,83
2024-12-24,07:40,60,188,68,267,83
2024-12-24,07:50,60,188,68,267,83
2024-12-24,08:10,60,187,68,267,83
2024-12-24,08:20,60,188,68,267,83
2024-12-24,08:30,60,187,68,267,83
2024-12-24,08:40,60,187,68,267,83
2024-12-24,08:50,60,187,68,267,83
2024-12-24,09:00,60,187,68,267,83
2024-12-24,09:20,60,187,68,267,83
2024-12-24,09:30,60,187,68,267,83
2024-12-24,09:40,60,187,68,267,83
2024-12-24,10:00,60,187,68,267,83
2024-12-24,10:10,60,187,68,267,83
2024-12-24,10:20,60,187,68,267,83
2024-12-24,10:30,60,187,68,267,83
2024-12-24,10:40,60,187,68,267,83
2024-12-24,10:50,60,187,68,267,83
2024-12-24,11:00,60,188,68,267,83
2024-12-24,11:10,60,188,68,267,83
2024-12-24,11:20,60,188,68,267,83
2024-12-24,11:30,60,188,68,267,83
2024-12-24,11:40,60,189,68,267,83
2024-12-24,12:00,60,189,66,267,83
2024-12-24,12:10,60,189,66,267,83
2024-12-24,12:20,60,189,66,267,83
2024-12-24,12:30,60,189,66,267,83
2024-12-24,12:40,60,188,67,267,83
2024-12-24,12:50,60,188,67,267,83
2024-12-24,13:00,60,188,66,267,83
2024-12-24,13:10,60,188,65,266,83
2024-12-24,13:20,60,188,66,266,83
2024-12-24,13:30,60,188,66,266,83
2024-12-24,13:40,60,188,67,266,83
2024-12-24,13:50,60,188,67,266,83
2024-12-24,14:00,60,188,68,266,83
2024-12-24,14:10,60,188,68,266,83
2024-12-24,14:20,60,188,68,266,83
2024-12-24,14:30,60,188,68,266,83
2024-12-24,14:40,60,188,68,266,83
2024-12-24,14:50,60,187,68,266,83
2024-12-24,15:00,60,187,68,266,83
2024-12-24,15:10,60,187,68,266,83
2024-12-24,15:20,60,188,68,266,83
2024-12-24,15:30,60,188,68,266,83
2024-12-24,15:50,60,188,68,266,83
2024-12-24,16:00,60,188,68,266,83
2024-12-24,16:10,60,188,68,266,83
2024-12-24,16:40,60,188,68,266,83
2024-12-24,16:50,60,188,68,266,84
2024-12-24,17:00,60,188,68,266,84
2024-12-24,17:10,60,188,68,266,84
2024-12-24,17:20,60,188,68,266,84
2024-12-24,17:30,60,187,68,266,84
2024-12-24,17:40,61,187,68,266,84
2024-12-24,17:50,61,188,68,266,84
2024-12-24,18:00,61,189,69,266,84
2024-12-24,18:20,61,189,69,266,84
2024-12-24,18:30,61,189,69,266,84
2024-12-24,18:40,61,189,69,266,84
2024-12-24,18:50,61,189,69,266,84
2024-12-24,19:10,61,189,69,266,84
2024-12-24,19:20,61,189,69,266,84
2024-12-24,19:30,61,189,69,266,84
2024-12-24,19:50,61,189,69,266,84
2024-12-24,20:00,61,189,69,266,84
2024-12-24,20:10,61,189,69,266,84
2024-12-24,20:20,61,189,69,266,84
2024-12-24,20:40,61,189,69,266,84
2024-12-25,05:00,61,192,69,267,84
2024-12-25,05:20,61,192,69,267,84
2024-12-25,05:30,61,192,69,267,84
2024-12-25,05:40,61,191,69,267,84
2024-12-25,05:50,61,191,69,267,84
2024-12-25,06:00,61,191,69,266,84
2024-12-25,06:10,61,191,69,266,84
2024-12-25,06:30,61,191,69,266,84
2024-12-25,06:40,61,191,69,266,84
2024-12-25,06:50,61,191,69,266,84
2024-12-25,07:00,61,191,69,266,84
2024-12-25,07:30,61,191,69,266,84
2024-12-25,07:40,61,191,69,266,84
2024-12-25,08:00,61,191,69,266,84
2024-12-25,08:10,61,191,69,266,84
2024-12-25,08:20,61,191,69,266,84
2024-12-25,08:30,61,191,69,266,84
2024-12-25,08:40,61,191,69,266,84
2024-12-25,08:50,61,191,69,266,84
2024-12-25,09:00,61,191,69,266,84
2024-12-25,09:10,61,191,69,266,84
2024-12-25,09:20,61,191,69,266,84
2024-12-25,09:30,61,191,69,266,84
2024-12-25,09:40,61,191,69,266,84
2024-12-25,09:50,61,191,69,266,84
2024-12-25,10:00,61,191,69,266,84
2024-12-25,10:20,61,191,69,266,84
2024-12-25,10:30,61,191,69,266,84
2024-12-25,10:40,61,190,69,266,84
2024-12-25,10:50,61,190,69,266,84
2024-12-25,11:00,61,190,69,266,84
2024-12-25,11:40,61,190,69,266,84
2024-12-25,12:00,61,189,69,266,84
2024-12-25,12:10,61,189,69,266,84
2024-12-25,12:20,61,189,69,266,84
2024-12-25,12:30,61,189,69,266,84
2024-12-25,12:40,61,189,69,266,84
2024-12-25,12:50,61,189,69,266,84
2024-12-25,13:20,61,190,69,266,84
2024-12-25,13:30,61,190,69,265,84
2024-12-25,13:40,61,190,69,265,84
2024-12-25,13:50,61,190,69,265,84
2024-12-25,14:00,61,190,69,265,84
2024-12-25,14:10,61,190,69,265,84
2024-12-25,14:20,61,190,69,265,84
2024-12-25,14:40,61,190,69,265,84
2024-12-25,14:50,61,190,69,265,84
2024-12-25,15:10,61,190,69,265,84
2024-12-25,15:20,61,190,69,265,84
2024-12-25,15:50,61,190,69,266,84
2024-12-25,16:00,61,190,69,266,84
2024-12-25,16:10,61,190,69,266,84
2024-12-25,16:20,61,190,69,266,84
2024-12-25,16:40,61,190,69,266,84
2024-12-25,16:50,61,190,69,266,84
2024-12-25,17:00,61,190,69,266,84
2024-12-25,17:10,61,190,69,266,84
2024-12-25,17:40,61,191,69,266,84
2024-12-25,18:10,61,192,68,267,84
2024-12-25,18:30,61,192,68,267,84
2024-12-25,18:40,61,192,68,267,84
2024-12-25,19:10,61,192,68,267,84
2024-12-25,19:30,61,192,68,267,84
2024-12-25,19:40,61,192,68,267,84
2024-12-25,19:50,61,192,68,267,84
2024-12-25,20:10,61,192,68,267,84
2024-12-25,20:20,61,192,68,267,84
2024-12-25,20:30,61,192,68,267,84
2024-12-26,05:00,61,192,69,267,84
2024-12-26,05:20,61,192,69,267,84
2024-12-26,05:30,61,192,69,267,84
2024-12-26,05:40,61,192,68,267,84
2024-12-26,05:50,61,192,68,267,84
2024-12-26,06:00,61,191,68,267,84
2024-12-26,06:10,61,191,68,267,84
2024-12-26,06:20,61,191,68,267,84
2024-12-26,06:30,61,191,68,267,84
2024-12-26,06:40,61,191,68,267,84
2024-12-26,06:50,61,191,68,267,84
2024-12-26,07:00,61,191,68,267,84
2024-12-26,07:10,61,191,68,267,84
2024-12-26,07:20,61,191,68,267,84
2024-12-26,07:30,61,191,68,267,84
2024-12-26,07:40,61,191,68,267,84
2024-12-26,07:50,61,191,68,267,84
2024-12-26,08:00,61,191,68,267,84
2024-12-26,08:20,61,191,68,267,84
2024-12-26,08:30,61,191,68,267,84
2024-12-26,08:40,61,191,68,267,84
2024-12-26,08:50,61,191,68,267,84
2024-12-26,09:00,61,191,68,267,84
2024-12-26,09:10,61,191,68,267,84
2024-12-26,09:20,61,191,68,267,84
2024-12-26,09:30,61,191,68,267,84
2024-12-26,09:40,61,191,68,267,84
2024-12-26,09:50,61,191,68,267,84
2024-12-26,10:00,61,191,68,267,84
2024-12-26,10:10,61,191,68,267,84
2024-12-26,10:20,61,191,68,267,84
2024-12-26,10:30,61,191,68,267,84
2024-12-26,10:40,61,191,68,267,84
2024-12-26,10:50,61,191,68,267,84
2024-12-26,11:00,61,191,68,267,84
2024-12-26,11:10,61,191,68,267,84
2024-12-26,11:20,61,191,68,267,84
2024-12-26,11:30,61,191,68,267,84
2024-12-26,11:40,61,191,68,267,84
2024-12-26,11:50,61,191,68,267,84
2024-12-26,12:10,61,190,68,266,84
2024-12-26,12:20,61,190,68,266,84
2024-12-26,12:40,61,190,68,266,84
2024-12-26,12:50,61,191,68,266,84
2024-12-26,13:00,61,191,68,266,84
2024-12-26,13:10,61,191,68,266,84
2024-12-26,13:20,61,191,67,266,84
2024-12-26,13:30,61,191,67,266,84
2024-12-26,13:50,61,191,67,267,84
2024-12-26,14:00,61,191,67,267,84
2024-12-26,14:10,61,191,67,267,84
2024-12-26,14:20,61,191,66,267,84
2024-12-26,14:40,61,191,66,267,84
2024-12-26,14:50,61,191,67,266,84
2024-12-26,15:10,61,191,66,266,84
2024-12-26,15:20,61,191,66,266,84
2024-12-26,15:30,61,191,66,266,84
2024-12-26,15:40,61,191,66,266,84
2024-12-26,16:10,61,191,66,267,84
2024-12-26,16:20,61,191,66,267,84
2024-12-26,16:30,61,191,66,267,84
2024-12-26,16:40,61,191,66,267,84
2024-12-26,16:50,61,190,66,267,84
2024-12-26,17:00,61,190,66,267,84
2024-12-26,17:10,60,190,65,267,84
2024-12-26,17:20,60,190,66,267,84
2024-12-26,17:30,60,190,66,267,84
2024-12-26,17:40,60,190,67,267,84
2024-12-26,17:50,60,189,67,267,83
2024-12-26,18:00,60,188,68,267,83
2024-12-26,18:10,60,188,68,267,83
2024-12-26,18:20,60,189,68,267,83
2024-12-26,18:30,60,189,68,267,83
2024-12-26,18:40,60,189,68,267,83
2024-12-26,19:00,60,189,68,267,83
2024-12-26,19:20,60,190,68,267,83
2024-12-26,19:30,60,190,68,267,83
2024-12-26,19:40,60,190,68,267,83
2024-12-26,20:00,61,190,68,267,83
2024-12-26,20:20,61,190,68,267,83
2024-12-26,20:30,61,190,69,267,83
2024-12-26,20:40,61,190,69,267,83
2024-12-26,20:50,61,190,69,267,83
2024-12-27,05:10,61,192,69,267,84
2024-12-27,05:20,61,192,69,267,84
2024-12-27,05:40,61,192,69,267,84
2024-12-27,05:50,61,192,69,267,84
2024-12-27,06:00,61,192,69,267,84
2024-12-27,06:20,61,192,69,267,84
2024-12-27,06:30,61,192,69,267,84
2024-12-27,06:40,61,192,69,267,84
2024-12-27,07:00,61,192,68,267,84
2024-12-27,07:10,61,192,68,267,84
2024-12-27,07:20,61,192,68,267,84
2024-12-27,07:30,61,192,69,267,84
2024-12-27,07:40,61,192,69,267,84
2024-12-27,07:50,61,192,68,267,84
2024-12-27,08:00,61,192,68,267,84
2024-12-27,08:10,61,192,68,267,84
2024-12-27,08:20,61,192,68,267,84
2024-12-27,08:30,61,191,68,267,84
2024-12-27,08:40,61,192,68,267,84
2024-12-27,08:50,61,191,68,267,84
2024-12-27,09:20,61,191,67,267,84
2024-12-27,09:30,61,190,66,267,84
2024-12-27,09:40,61,191,66,267,84
2024-12-27,09:50,61,191,66,267,84
2024-12-27,10:20,61,188,66,267,84
2024-12-27,10:30,61,188,66,267,84
2024-12-27,10:50,61,188,66,266,84
2024-12-27,11:00,61,188,65,266,84
2024-12-27,11:10,61,186,64,266,84
2024-12-27,11:20,61,186,64,266,84
2024-12-27,11:30,61,186,64,266,84
2024-12-27,11:40,61,186,64,266,84
2024-12-27,12:00,61,184,64,265,84
2024-12-27,12:10,61,184,63,265,84
2024-12-27,12:20,61,183,63,265,84
2024-12-27,12:30,61,183,62,265,84
2024-12-27,12:40,61,183,62,265,84
2024-12-27,12:50,61,183,62,265,84
2024-12-27,13:10,61,179,63,265,84
2024-12-27,13:20,61,180,62,266,84
2024-12-27,13:40,61,181,62,267,84
2024-12-27,13:50,61,182,61,267,84
2024-12-27,14:10,61,183,61,267,84
2024-12-27,14:30,61,183,58,267,84
2024-12-27,14:40,61,185,59,267,84
2024-12-27,15:00,61,186,60,267,84
2024-12-27,15:10,61,186,60,267,84
2024-12-27,15:20,61,185,59,267,84
2024-12-27,15:30,61,186,57,267,84
2024-12-27,15:40,61,188,57,267,84
2024-12-27,15:50,61,189,57,267,84
2024-12-27,16:00,61,189,56,267,84
2024-12-27,16:10,61,189,56,267,84
2024-12-27,16:20,61,189,57,267,84
2024-12-27,16:30,61,189,58,267,84
2024-12-27,16:40,61,189,58,267,84
2024-12-27,16:50,61,189,59,267,84
2024-12-27,17:00,61,189,59,267,84
2024-12-27,17:10,61,189,61,267,84
2024-12-27,17:30,60,190,60,267,84
2024-12-27,17:40,60,189,59,267,84
2024-12-27,18:00,60,191,59,266,84
2024-12-27,18:10,60,191,60,266,84
2024-12-27,18:20,60,191,60,266,84
2024-12-27,18:50,60,192,63,266,84
2024-12-27,19:00,60,192,62,266,84
2024-12-27,19:10,60,192,62,266,84
2024-12-27,19:40,60,192,63,266,84
2024-12-27,19:50,60,192,63,266,84
2024-12-27,20:00,60,192,63,267,84
2024-12-27,20:10,61,192,63,267,84
2024-12-27,20:30,61,192,63,267,84
2024-12-27,20:40,61,192,63,267,84
2024-12-28,05:10,61,192,69,267,84
2024-12-28,05:20,61,192,69,267,84
2024-12-28,05:30,61,192,68,267,84
2024-12-28,05:40,61,191,68,267,84
2024-12-28,05:50,61,191,68,267,83
2024-12-28,06:00,61,190,69,267,83
2024-12-28,06:10,61,190,69,267,83
2024-12-28,06:20,61,190,69,267,83
2024-12-28,06:30,61,190,69,267,83
2024-12-28,06:50,61,190,69,267,83
2024-12-28,07:00,61,190,69,267,83
2024-12-28,07:10,61,189,69,267,83
2024-12-28,07:20,61,189,69,267,83
2024-12-28,07:30,61,189,69,267,83
2024-12-28,07:40,61,189,69,267,83
2024-12-28,07:50,61,190,69,267,83
2024-12-28,08:00,61,190,69,267,83
2024-12-28,08:30,61,190,69,267,83
2024-12-28,08:40,61,191,69,267,83
2024-12-28,08:50,61,191,69,267,83
2024-12-28,09:10,61,190,69,267,83
2024-12-28,09:20,61,190,68,267,83
2024-12-28,09:40,61,189,68,267,83
2024-12-28,09:50,61,188,68,267,83
2024-12-28,10:10,61,188,68,267,83
2024-12-28,10:40,61,188,69,267,83
2024-12-28,10:50,61,187,69,267,83
2024-12-28,11:00,61,187,68,267,83
2024-12-28,11:10,61,186,68,267,83
2024-12-28,11:20,61,186,68,267,83
2024-12-28,11:30,61,187,68,267,83
2024-12-28,11:40,61,187,68,267,83
2024-12-28,11:50,61,187,68,267,83
2024-12-28,12:00,61,187,68,267,83
2024-12-28,12:10,61,187,67,266,83
2024-12-28,12:20,61,187,67,266,83
2024-12-28,12:30,61,187,66,266,83
2024-12-28,12:50,61,187,66,266,83
2024-12-28,13:00,61,187,66,266,83
2024-12-28,13:10,61,187,67,266,83
2024-12-28,13:30,61,187,67,266,83
2024-12-28,13:40,61,187,66,266,83
2024-12-28,13:50,61,186,65,266,83
2024-12-28,14:00,61,187,64,266,83
2024-12-28,14:10,61,188,64,266,83
2024-12-28,14:20,61,188,64,266,83
2024-12-28,14:30,61,188,65,265,83
2024-12-28,14:50,61,188,66,265,83
2024-12-28,15:00,61,188,67,264,83
2024-12-28,15:10,61,188,66,264,83
2024-12-28,15:30,61,188,65,265,83
2024-12-28,15:40,61,188,64,266,83
2024-12-28,15:50,61,188,64,266,83
2024-12-28,16:10,61,188,64,265,83
2024-12-28,16:30,61,187,64,265,83
2024-12-28,16:40,61,187,63,265,83
2024-12-28,17:00,61,188,61,265,83
2024-12-28,17:10,61,187,61,265,83
2024-12-28,17:20,61,187,61,265,83
2024-12-28,17:30,61,187,61,265,83
2024-12-28,17:40,61,187,63,265,83
2024-12-28,17:50,61,187,64,265,83
2024-12-28,18:00,61,189,66,265,83
2024-12-28,18:10,61,189,66,265,84
2024-12-28,18:20,61,188,67,266,84
2024-12-28,18:30,61,188,67,266,84
2024-12-28,18:40,61,190,67,266,84
2024-12-28,19:00,61,190,69,266,84
2024-12-28,19:10,61,191,68,266,84
2024-12-28,19:30,61,191,68,267,84
2024-12-28,19:40,61,191,68,267,84
2024-12-28,19:50,61,191,68,267,84
2024-12-28,20:00,61,191,68,266,84
2024-12-28,20:10,61,191,69,266,84
2024-12-28,20:30,61,191,69,266,84
2024-12-28,20:40,61,191,69,266,84
2024-12-28,20:50,61,191,69,266,84
2024-12-29,05:00,61,192,69,267,84
2024-12-29,05:10,61,192,69,267,84
2024-12-29,05:20,61,192,69,267,84
2024-12-29,05:40,61,192,69,267,84
2024-12-29,05:50,61,191,69,267,84
2024-12-29,06:10,61,189,69,266,84
2024-12-29,06:20,61,189,69,266,84
2024-12-29,06:30,61,189,69,266,84
2024-12-29,06:40,61,189,69,266,84
2024-12-29,06:50,61,189,69,266,84
2024-12-29,07:10,61,189,69,266,84
2024-12-29,07:20,61,189,69,266,84
2024-12-29,07:30,61,189,69,266,84
2024-12-29,07:40,61,189,69,266,84
2024-12-29,08:00,61,189,69,266,84
2024-12-29,08:10,61,189,69,266,84
2024-12-29,08:30,61,189,69,266,84
2024-12-29,08:40,61,189,69,266,84
2024-12-29,08:50,61,189,69,266,84
2024-12-29,09:00,61,189,69,266,84
2024-12-29,09:10,61,189,69,266,84
2024-12-29,09:20,61,189,69,266,84
2024-12-29,09:30,61,189,69,266,84
2024-12-29,09:40,61,189,69,266,84
2024-12-29,09:50,61,189,69,266,84
2024-12-29,10:00,61,189,69,266,84
2024-12-29,10:10,61,189,69,266,84
2024-12-29,10:20,61,189,69,266,84
2024-12-29,10:30,61,189,69,266,84
2024-12-29,10:40,61,188,69,266,84
2024-12-29,10:50,61,188,69,266,84
2024-12-29,11:10,61,189,69,266,84
2024-12-29,11:30,61,188,69,266,84
2024-12-29,11:40,61,188,69,266,84
2024-12-29,11:50,61,188,69,266,84
2024-12-29,12:00,61,187,69,266,84
2024-12-29,12:10,61,187,69,266,84
2024-12-29,12:20,61,187,68,266,84
2024-12-29,12:30,61,187,69,266,84
2024-12-29,12:50,61,187,69,266,84
2024-12-29,13:00,61,187,69,266,84
2024-12-29,13:20,61,186,69,265,84
2024-12-29,13:30,61,186,69,265,84
2024-12-29,13:40,61,186,69,265,84
2024-12-29,13:50,61,186,69,264,84
2024-12-29,14:00,61,186,69,264,84
2024-12-29,14:10,61,185,69,264,84
2024-12-29,14:20,61,185,69,264,84
2024-12-29,14:30,61,185,69,264,84
2024-12-29,14:40,61,184,69,264,84
2024-12-29,15:00,61,184,68,264,84
2024-12-29,15:20,61,185,68,264,84
2024-12-29,15:30,61,185,68,264,84
2024-12-29,15:40,61,185,67,264,84
2024-12-29,15:50,61,186,67,264,84
2024-12-29,16:00,61,187,67,264,84
2024-12-29,16:20,61,187,66,265,84
2024-12-29,16:40,61,187,67,265,84
2024-12-29,16:50,61,187,67,266,84
2024-12-29,17:00,61,187,67,266,84
2024-12-29,17:30,61,188,65,266,84
2024-12-29,17:40,61,188,65,266,84
2024-12-29,18:00,61,190,64,267,83
2024-12-29,18:10,61,191,65,267,83
2024-12-29,18:30,61,191,65,267,83
2024-12-29,18:40,61,191,65,267,83
2024-12-29,19:00,61,191,65,267,83
2024-12-29,19:10,61,191,65,267,83
2024-12-29,19:20,61,191,65,267,83
2024-12-29,19:30,61,191,65,267,83
2024-12-29,19:40,61,191,65,267,83
2024-12-29,19:50,61,191,65,267,83
2024-12-29,20:00,61,191,65,267,83
2024-12-29,20:10,61,191,66,267,83
2024-12-29,20:20,61,191,66,267,83
2024-12-29,20:30,61,191,65,267,83
2024-12-29,20:50,61,191,67,267,83
2024-12-30,05:10,61,192,69,267,84
2024-12-30,05:20,61,192,69,267,84
2024-12-30,05:40,61,190,69,267,84
2024-12-30,05:50,61,190,68,267,84
2024-12-30,06:10,61,190,68,266,84
2024-12-30,06:30,61,190,68,266,84
2024-12-30,06:40,61,190,68,266,84
2024-12-30,06:50,61,190,67,266,84
2024-12-30,07:20,61,190,66,267,84
2024-12-30,07:30,61,190,66,267,84
2024-12-30,07:40,61,190,66,267,84
2024-12-30,07:50,61,188,67,267,84
2024-12-30,08:10,60,188,66,267,84
2024-12-30,08:20,60,188,66,267,84
2024-12-30,08:30,60,188,66,267,84
2024-12-30,08:40,60,188,66,267,84
2024-12-30,08:50,60,188,66,266,84
2024-12-30,09:10,60,187,67,266,84
2024-12-30,09:20,60,185,67,266,84
2024-12-30,09:30,60,185,67,266,84
2024-12-30,09:50,60,185,66,266,84
2024-12-30,10:00,60,183,65,266,84
2024-12-30,10:10,60,183,63,266,84
2024-12-30,10:20,60,183,63,266,84
2024-12-30,10:30,60,182,62,266,84
2024-12-30,10:40,60,182,60,266,84
2024-12-30,10:50,60,183,60,266,84
2024-12-30,11:00,59,183,60,266,84
2024-12-30,11:10,59,182,60,266,84
2024-12-30,11:30,59,185,59,266,84
2024-12-30,11:40,60,187,58,265,84
2024-12-30,11:50,60,187,58,265,84
2024-12-30,12:00,60,187,57,265,84
2024-12-30,12:20,60,186,58,266,84
2024-12-30,12:30,60,186,58,266,84
2024-12-30,12:40,60,186,58,266,84
2024-12-30,12:50,60,185,55,265,84
2024-12-30,13:00,60,184,54,265,84
2024-12-30,13:10,60,184,54,265,84
2024-12-30,13:30,60,185,56,265,84
2024-12-30,13:40,60,186,55,265,84
2024-12-30,13:50,60,185,54,265,84
2024-12-30,14:00,60,185,55,265,84
2024-12-30,14:10,60,185,55,265,84
2024-12-30,14:20,60,185,55,266,84
2024-12-30,14:40,60,182,56,267,84
2024-12-30,14:50,60,184,54,267,84
2024-12-30,15:00,60,184,53,267,84
2024-12-30,15:10,60,185,53,267,84
2024-12-30,15:20,61,185,54,267,84
2024-12-30,15:30,60,185,55,267,84
2024-12-30,15:40,61,185,54,267,84
2024-12-30,15:50,61,186,54,267,84
2024-12-30,16:00,61,186,55,267,84
2024-12-30,16:10,61,186,54,267,84
2024-12-30,16:20,61,186,53,267,84
2024-12-30,16:30,61,186,55,267,84
2024-12-30,16:40,61,186,56,267,84
2024-12-30,16:50,61,186,55,267,84
2024-12-30,17:00,61,186,55,267,84
2024-12-30,17:10,61,186,55,267,84
2024-12-30,17:20,61,186,54,267,84
2024-12-30,17:40,61,183,53,267,84
2024-12-30,17:50,61,184,54,267,84
2024-12-30,18:00,61,185,54,267,84
2024-12-30,18:10,61,186,54,267,84
2024-12-30,18:20,61,186,55,267,84
2024-12-30,18:40,61,186,56,267,84
2024-12-30,18:50,61,186,55,267,84
2024-12-30,19:00,61,187,57,267,84
2024-12-30,19:10,61,187,56,267,84
2024-12-30,19:30,61,187,57,267,84
2024-12-30,19:40,60,187,58,267,84
2024-12-30,19:50,60,187,58,267,84
2024-12-30,20:00,60,187,58,267,84
2024-12-30,20:10,60,187,58,267,84
2024-12-30,20:20,60,187,58,267,84
2024-12-30,20:30,60,187,58,267,84
2024-12-30,20:40,60,188,57,267,84
2024-12-31,05:00,61,192,69,267,84
2024-12-31,05:10,61,192,69,267,84
2024-12-31,05:20,61,192,69,267,84
2024-12-31,05:40,61,192,69,267,84
2024-12-31,06:00,61,192,69,266,84
2024-12-31,06:10,61,192,69,266,84
2024-12-31,06:30,61,192,69,266,84
2024-12-31,06:50,61,192,69,266,84
2024-12-31,07:00,61,192,69,266,84
2024-12-31,07:20,61,192,69,266,84
2024-12-31,07:40,61,191,69,266,84
2024-12-31,08:00,61,190,69,266,84
2024-12-31,08:10,61,189,69,266,83
2024-12-31,08:20,61,189,69,266,84
2024-12-31,08:40,61,188,69,266,84
2024-12-31,08:50,61,188,69,266,84
2024-12-31,09:00,61,188,69,266,84
2024-12-31,09:10,61,187,69,266,84
2024-12-31,09:20,61,187,69,266,84
2024-12-31,09:30,61,188,68,266,84
2024-12-31,09:40,61,188,67,266,84
2024-12-31,09:50,61,188,67,266,84
2024-12-31,10:00,61,188,66,266,84
2024-12-31,10:10,61,188,66,266,84
2024-12-31,10:30,61,186,65,266,83
2024-12-31,10:40,61,187,65,266,83
2024-12-31,10:50,61,187,65,265,83
2024-12-31,11:00,61,187,65,265,83
2024-12-31,11:10,61,187,64,265,83
2024-12-31,11:20,61,187,64,264,83
2024-12-31,11:30,61,187,64,263,83
2024-12-31,11:40,61,187,63,263,83
2024-12-31,11:50,61,187,63,263,83
2024-12-31,12:00,61,187,62,263,83
2024-12-31,12:10,61,188,61,264,83
2024-12-31,12:20,61,188,61,264,83
2024-12-31,12:30,61,188,61,264,83
2024-12-31,12:40,61,188,61,265,83
2024-12-31,12:50,61,188,61,265,83
2024-12-31,13:00,61,188,61,265,83
2024-12-31,13:20,61,186,61,265,83
2024-12-31,13:40,61,185,63,266,83
2024-12-31,13:50,61,185,65,266,83
2024-12-31,14:00,61,185,66,267,83
2024-12-31,14:10,61,186,65,267,83
2024-12-31,14:20,61,186,66,267,83
2024-12-31,14:40,61,186,67,266,83
2024-12-31,14:50,61,187,67,264,83
2024-12-31,15:00,61,188,67,264,83
2024-12-31,15:10,61,188,67,264,84
2024-12-31,15:20,61,188,67,264,84
2024-12-31,15:50,61,188,67,263,84
2024-12-31,16:00,61,189,67,264,84
2024-12-31,16:10,61,189,67,264,84
2024-12-31,16:20,61,189,67,264,84
2024-12-31,16:30,61,189,67,264,84
2024-12-31,16:40,61,189,67,264,84
2024-12-31,16:50,61,189,67,264,84
2024-12-31,17:00,60,189,67,264,84
2024-12-31,17:10,60,189,67,264,84
2024-12-31,17:20,60,189,67,262,84
2024-12-31,17:30,60,189,67,265,84
2024-12-31,17:40,60,189,66,266,84
2024-12-31,17:50,60,188,66,266,83
2024-12-31,18:00,60,188,66,266,82
2024-12-31,18:10,60,188,66,266,82
2024-12-31,18:30,60,188,66,267,82
2024-12-31,18:40,60,188,66,267,82
2024-12-31,18:50,60,190,66,267,82
2024-12-31,19:00,60,190,66,267,82
2024-12-31,19:10,60,190,66,267,82
2024-12-31,19:30,60,190,66,267,82
2024-12-31,19:50,60,190,66,267,82
2024-12-31,20:00,60,190,65,267,82
2024-12-31,20:10,61,190,65,267,82
2024-12-31,20:20,61,190,65,267,82
2024-12-31,20:30,61,190,64,267,82
2024-12-31,20:40,61,190,64,267,82
2024-12-31,20:50,61,190,64,267,82
2025-01-01,05:00,61,192,69,267,84
2025-01-01,05:10,61,192,69,267,84
2025-01-01,05:20,61,192,69,267,84
2025-01-01,05:30,61,192,69,267,84
2025-01-01,05:40,61,192,69,267,84
2025-01-01,05:50,61,192,69,267,84
2025-01-01,06:00,61,190,69,266,84
2025-01-01,06:10,61,190,69,266,84
2025-01-01,06:30,61,190,69,266,84
2025-01-01,06:40,61,190,69,266,84
2025-01-01,06:50,61,190,69,266,84
2025-01-01,07:00,61,190,69,266,84
2025-01-01,07:20,61,190,69,266,84
2025-01-01,07:30,61,190,69,266,84
2025-01-01,07:40,61,190,69,266,84
2025-01-01,07:50,61,190,69,266,84
2025-01-01,08:00,61,190,69,266,84
2025-01-01,08:10,61,190,69,266,84
2025-01-01,08:20,61,190,69,266,84
2025-01-01,08:30,61,190,69,266,84
2025-01-01,08:50,61,190,69,266,84
2025-01-01,09:00,61,190,69,266,84
2025-01-01,09:10,61,190,69,266,84
2025-01-01,09:20,61,190,69,266,84
2025-01-01,09:30,61,190,69,266,84
2025-01-01,09:40,61,190,69,266,84
2025-01-01,10:00,61,190,69,266,84
2025-01-01,10:10,61,190,69,266,84
2025-01-01,10:40,61,190,69,266,84
2025-01-01,10:50,61,190,69,266,84
2025-01-01,11:00,61,190,69,266,84
2025-01-01,11:10,61,190,69,266,84
2025-01-01,11:20,61,190,69,266,84
2025-01-01,11:30,61,190,69,266,84
2025-01-01,11:40,61,190,69,266,84
2025-01-01,11:50,61,189,69,266,84
2025-01-01,12:00,61,188,69,266,84
2025-01-01,12:10,61,188,69,265,84
2025-01-01,12:20,61,188,69,265,84
2025-01-01,12:50,61,188,69,265,84
2025-01-01,13:10,61,189,69,265,84
2025-01-01,13:20,61,189,69,265,84
2025-01-01,13:30,61,189,69,265,84
2025-01-01,13:50,61,188,69,265,84
2025-01-01,14:00,61,189,69,265,84
2025-01-01,14:20,61,188,69,265,84
2025-01-01,14:30,61,188,69,265,84
2025-01-01,14:40,61,188,69,265,84
2025-01-01,14:50,61,188,69,265,84
2025-01-01,15:00,61,188,69,265,84
2025-01-01,15:20,61,188,69,265,84
2025-01-01,15:30,61,188,69,265,84
2025-01-01,15:40,61,189,69,265,84
2025-01-01,15:50,61,189,69,265,84
2025-01-01,16:00,61,189,68,266,84
2025-01-01,16:30,61,189,68,267,84
2025-01-01,16:40,61,188,68,267,84
2025-01-01,16:50,61,189,69,267,84
2025-01-01,17:00,61,189,69,267,84
2025-01-01,17:10,61,189,67,267,84
2025-01-01,17:20,61,189,67,267,84
2025-01-01,17:30,61,189,67,267,84
2025-01-01,17:40,61,188,67,267,84
2025-01-01,17:50,61,188,67,267,84
2025-01-01,18:00,61,189,67,267,84
2025-01-01,18:10,61,189,67,267,84
2025-01-01,18:30,61,189,67,267,84
2025-01-01,18:40,61,189,67,267,84
2025-01-01,19:00,61,189,67,267,84
2025-01-01,19:10,61,189,67,267,84
2025-01-01,19:20,61,189,68,267,84
2025-01-01,19:30,61,189,68,267,84
2025-01-01,19:40,61,189,68,267,84
2025-01-01,19:50,61,189,68,267,84
2025-01-01,20:00,61,189,68,267,84
2025-01-01,20:10,61,189,68,267,84
2025-01-01,20:20,61,189,68,267,84
2025-01-01,20:40,61,189,68,267,84
2025-01-01,20:50,61,189,68,267,84
2025-01-02,05:00,61,192,69,267,84
2025-01-02,05:10,61,192,69,267,84
2025-01-02,05:30,61,192,68,267,84
2025-01-02,05:40,57,189,67,267,84
2025-01-02,05:50,56,187,67,266,83
2025-01-02,06:00,56,186,62,265,83
2025-01-02,06:10,56,186,61,265,83
2025-01-02,06:20,56,184,57,265,83
2025-01-02,06:30,55,183,54,265,83
2025-01-02,06:40,54,176,47,265,83
2025-01-02,07:00,45,161,37,264,80
2025-01-02,07:10,39,153,29,262,79
2025-01-02,07:20,36,149,22,256,79
2025-01-02,07:30,34,141,17,252,76
2025-01-02,07:40,32,138,14,249,76
2025-01-02,07:50,32,133,12,246,74
2025-01-02,08:00,31,130,11,245,74
2025-01-02,08:10,30,128,10,243,74
2025-01-02,08:20,30,127,10,242,72
2025-01-02,08:40,25,122,9,240,72
2025-01-02,08:50,24,120,9,240,72
2025-01-02,09:00,24,118,8,240,71
2025-01-02,09:10,22,114,9,240,70
2025-01-02,09:20,21,113,1,241,70
2025-01-02,09:40,20,111,1,242,70
2025-01-02,09:50,20,109,1,241,70
2025-01-02,10:00,20,106,3,239,69
2025-01-02,10:20,20,107,3,241,69
2025-01-02,10:30,19,106,1,241,69
2025-01-02,10:40,19,105,1,240,69
2025-01-02,11:00,19,103,1,240,69
2025-01-02,11:20,19,100,0,240,69
2025-01-02,11:30,19,101,0,240,69
2025-01-02,11:50,19,104,3,240,69
2025-01-02,12:00,19,104,3,240,69
2025-01-02,12:20,19,104,4,240,69
2025-01-02,12:30,19,103,4,239,69
2025-01-02,12:40,20,102,5,238,69
2025-01-02,12:50,19,104,5,239,69
2025-01-02,13:00,20,107,4,239,69
2025-01-02,13:10,20,108,6,239,70
2025-01-02,13:20,20,109,2,239,70
2025-01-02,13:30,20,111,4,238,70
2025-01-02,13:40,20,111,4,237,70
2025-01-02,14:10,24,113,11,238,69
2025-01-02,14:20,25,117,13,239,69
2025-01-02,14:40,26,129,16,238,69
2025-01-02,14:50,27,134,22,240,69
2025-01-02,15:00,27,139,25,243,69
2025-01-02,15:10,32,150,37,247,69
2025-01-02,15:20,35,155,40,251,69
2025-01-02,15:30,37,158,41,253,69
2025-01-02,15:40,40,168,49,255,69
2025-01-02,15:50,43,174,51,257,69
2025-01-02,16:00,44,175,51,257,69
2025-01-02,16:10,46,176,51,259,69
2025-01-02,16:20,49,176,51,261,69
2025-01-02,16:30,48,175,50,264,69
2025-01-02,16:40,48,179,51,265,69
2025-01-02,17:00,48,180,53,267,69
2025-01-02,17:10,48,180,55,267,69
2025-01-02,17:20,48,182,55,267,69
2025-01-02,17:30,48,183,56,266,69
2025-01-02,18:00,48,185,57,266,69
2025-01-02,18:10,49,185,57,266,69
2025-01-02,18:20,49,185,58,266,69
2025-01-02,18:30,49,185,58,266,69
2025-01-02,18:40,49,186,58,266,69
2025-01-02,18:50,49,187,57,266,69
2025-01-02,19:00,49,188,57,266,69
2025-01-02,19:10,49,188,57,266,69
2025-01-02,19:20,49,188,57,266,69
2025-01-02,19:30,49,188,57,266,69
2025-01-02,19:50,49,188,57,267,69
2025-01-02,20:00,49,188,57,267,69
2025-01-02,20:10,49,188,58,267,69
2025-01-02,20:20,49,188,57,267,69
2025-01-02,20:40,49,188,57,267,69
2025-01-02,20:50,49,188,57,267,69
2025-01-03,05:00,61,192,69,267,84
2025-01-03,05:20,61,192,69,267,84
2025-01-03,05:30,60,192,68,267,84
2025-01-03,05:40,60,189,66,267,84
2025-01-03,05:50,60,187,66,267,84
2025-01-03,06:00,60,187,49,265,84
2025-01-03,06:10,57,187,46,264,84
2025-01-03,06:30,54,184,41,264,84
2025-01-03,06:40,53,179,36,263,84
2025-01-03,06:50,51,173,28,263,84
2025-01-03,07:10,43,158,15,260,80
2025-01-03,07:30,34,150,0,254,78
2025-01-03,07:40,31,145,0,253,76
2025-01-03,07:50,29,143,0,254,76
2025-01-03,08:00,29,137,0,252,76
2025-01-03,08:10,29,129,0,251,76
2025-01-03,08:20,28,125,0,251,75
2025-01-03,08:40,26,120,0,251,74
2025-01-03,08:50,25,113,1,251,74
2025-01-03,09:00,24,112,1,250,74
2025-01-03,09:10,24,108,0,248,74
2025-01-03,09:20,24,108,0,248,74
2025-01-03,09:30,24,106,0,249,73
2025-01-03,09:50,22,104,0,250,72
2025-01-03,10:00,21,102,1,248,72
2025-01-03,10:10,21,101,1,244,72
2025-01-03,10:20,21,103,0,244,72
2025-01-03,10:30,20,101,0,244,72
2025-01-03,10:40,20,101,0,244,72
2025-01-03,10:50,20,100,2,244,72
2025-01-03,11:00,21,100,0,243,72
2025-01-03,11:10,21,100,1,243,73
2025-01-03,11:20,21,98,2,243,73
2025-01-03,11:30,21,97,3,242,73
2025-01-03,11:40,21,95,4,242,72
2025-01-03,11:50,19,97,4,242,72
2025-01-03,12:00,19,98,4,242,72
2025-01-03,12:10,20,100,4,242,72
2025-01-03,12:20,20,99,4,240,72
2025-01-03,12:50,19,100,2,242,72
2025-01-03,13:10,21,100,3,244,74
2025-01-03,13:20,20,107,6,245,75
2025-01-03,13:30,21,111,7,243,75
2025-01-03,13:40,22,115,10,241,75
2025-01-03,13:50,23,118,10,240,75
2025-01-03,14:00,24,123,19,242,78
2025-01-03,14:30,35,144,30,250,78
2025-01-03,14:40,36,150,32,250,78
2025-01-03,14:50,39,152,37,251,79
2025-01-03,15:00,39,155,36,251,79
2025-01-03,15:20,41,158,37,255,81
2025-01-03,15:30,43,159,38,255,81
2025-01-03,15:40,43,162,40,255,83
2025-01-03,15:50,43,166,41,255,83
2025-01-03,16:00,43,167,40,256,83
2025-01-03,16:10,43,170,41,256,83
2025-01-03,16:20,43,172,41,256,83
2025-01-03,16:40,44,173,41,258,83
2025-01-03,16:50,44,174,41,258,83
2025-01-03,17:00,44,178,41,258,83
2025-01-03,17:10,44,179,41,258,83
2025-01-03,17:20,44,179,42,259,83
2025-01-03,17:30,44,180,41,259,83
2025-01-03,17:40,44,179,42,260,83
2025-01-03,17:50,44,179,41,261,82
2025-01-03,18:00,45,180,41,262,82
2025-01-03,18:10,45,182,41,262,82
2025-01-03,18:20,45,183,42,263,82
2025-01-03,18:30,46,183,42,263,82
2025-01-03,18:40,46,185,45,263,82
2025-01-03,18:50,45,185,45,263,82
2025-01-03,19:10,45,185,45,264,82
2025-01-03,19:20,45,186,45,264,82
2025-01-03,19:30,45,186,45,264,82
2025-01-03,19:40,45,187,45,264,82
2025-01-03,20:00,45,187,45,264,82
2025-01-03,20:10,45,187,45,264,82
2025-01-03,20:20,45,187,45,264,82
2025-01-03,20:30,45,187,45,264,82
2025-01-03,20:50,45,187,45,264,82
2025-01-04,05:00,61,192,69,267,84
2025-01-04,05:10,61,192,69,267,84
2025-01-04,05:20,61,192,69,267,84
2025-01-04,05:30,61,192,69,267,84
2025-01-04,05:40,61,192,69,267,84
2025-01-04,05:50,61,191,68,267,84
2025-01-04,06:00,61,191,68,267,84
2025-01-04,06:20,61,191,68,267,84
2025-01-04,06:30,61,191,68,267,84
2025-01-04,06:40,61,191,68,267,84
2025-01-04,06:50,61,191,68,267,84
2025-01-04,07:00,61,191,68,267,84
2025-01-04,07:10,61,191,68,267,84
2025-01-04,07:20,61,191,68,267,84
2025-01-04,07:30,61,191,68,267,84
2025-01-04,07:50,61,191,68,267,84
2025-01-04,08:00,61,191,68,267,84
2025-01-04,08:10,61,190,68,267,84
2025-01-04,08:20,61,190,68,267,84
2025-01-04,08:30,61,191,68,267,84
2025-01-04,08:40,61,191,68,267,84
2025-01-04,09:10,61,191,67,267,84
2025-01-04,09:20,61,191,67,267,84
2025-01-04,09:40,61,191,67,267,84
2025-01-04,10:10,61,190,66,267,84
2025-01-04,10:20,61,190,66,267,84
2025-01-04,10:30,61,190,66,267,84
2025-01-04,10:50,61,190,66,266,84
2025-01-04,11:00,61,190,66,266,84
2025-01-04,11:20,61,190,67,266,84
2025-01-04,11:30,61,190,64,266,84
2025-01-04,11:40,61,191,64,266,84
2025-01-04,12:10,61,188,63,266,84
2025-01-04,12:20,61,188,64,266,84
2025-01-04,12:30,61,188,65,266,84
2025-01-04,12:40,61,188,65,266,84
2025-01-04,13:00,61,188,65,265,84
2025-01-04,13:20,61,188,64,266,84
2025-01-04,13:30,61,187,64,266,84
2025-01-04,13:40,61,186,65,266,84
2025-01-04,13:50,61,187,64,266,84
2025-01-04,14:00,61,187,63,266,84
2025-01-04,14:20,61,187,62,265,84
2025-01-04,14:30,61,187,62,265,84
2025-01-04,14:40,61,187,62,265,84
2025-01-04,15:10,61,186,61,264,84
2025-01-04,15:20,61,186,61,264,84
2025-01-04,15:30,61,186,61,264,84
2025-01-04,15:40,61,185,62,264,84
2025-01-04,15:50,61,185,62,264,84
2025-01-04,16:00,61,185,62,263,84
2025-01-04,16:10,61,185,61,263,84
2025-01-04,16:20,61,185,60,264,84
2025-01-04,16:40,61,185,60,265,84
2025-01-04,16:50,61,185,60,266,84
2025-01-04,17:00,61,187,60,266,84
2025-01-04,17:10,61,188,60,266,84
2025-01-04,18:00,61,189,61,266,84
2025-01-04,18:10,61,188,61,267,84
2025-01-04,18:20,61,188,61,267,84
2025-01-04,18:30,61,188,62,267,84
2025-01-04,18:50,61,187,61,267,84
2025-01-04,19:00,61,187,61,267,84
2025-01-04,19:10,61,187,61,267,84
2025-01-04,19:20,61,187,60,267,84
2025-01-04,19:40,61,188,59,267,84
2025-01-04,20:10,61,188,61,267,84
2025-01-04,20:20,61,188,61,267,84
2025-01-04,20:30,61,188,61,267,84
2025-01-04,20:50,61,188,63,267,84
2025-01-05,05:00,61,192,69,267,84
2025-01-05,05:20,61,192,69,267,84
2025-01-05,05:40,61,192,69,267,84
2025-01-05,06:10,61,192,68,267,84
2025-01-05,06:20,61,192,68,267,84
2025-01-05,06:30,61,192,68,267,84
2025-01-05,06:40,61,192,68,267,84
2025-01-05,06:50,61,192,68,267,84
2025-01-05,07:00,61,192,68,267,84
2025-01-05,07:10,61,192,68,267,84
2025-01-05,07:20,61,192,68,267,84
2025-01-05,07:30,61,192,68,267,84
2025-01-05,07:40,61,192,68,267,84
2025-01-05,07:50,61,192,68,267,84
2025-01-05,08:00,61,192,68,267,84
2025-01-05,08:10,61,192,68,267,84
2025-01-05,08:20,61,192,68,267,84
2025-01-05,08:30,61,192,68,267,84
2025-01-05,08:40,61,192,68,267,84
2025-01-05,08:50,61,192,68,267,84
2025-01-05,09:00,61,192,68,267,84
2025-01-05,09:30,61,192,68,267,84
2025-01-05,09:40,61,192,68,267,84
2025-01-05,10:00,61,191,68,267,84
2025-01-05,10:10,61,191,68,267,84
2025-01-05,10:20,61,191,68,267,84
2025-01-05,10:30,61,191,68,267,84
2025-01-05,10:50,61,191,68,267,84
2025-01-05,11:00,61,192,68,267,84
2025-01-05,11:10,61,192,68,267,84
2025-01-05,11:20,61,192,68,267,84
2025-01-05,11:40,61,192,68,267,84
2025-01-05,12:00,61,192,68,267,84
2025-01-05,12:10,61,191,68,267,84
2025-01-05,12:30,61,190,67,267,84
2025-01-05,12:40,61,190,67,267,84
2025-01-05,12:50,61,190,67,266,84
2025-01-05,13:10,61,190,68,266,84
2025-01-05,13:20,61,190,68,266,84
2025-01-05,13:30,61,190,68,266,84
2025-01-05,14:00,61,190,68,266,84
2025-01-05,14:30,61,189,68,266,84
2025-01-05,14:40,61,189,68,266,84
2025-01-05,15:10,61,188,68,266,84
2025-01-05,15:20,61,188,68,266,84
2025-01-05,15:40,61,188,66,266,84
2025-01-05,15:50,61,188,66,266,84
2025-01-05,16:10,61,189,66,266,84
2025-01-05,16:20,61,189,66,266,84
2025-01-05,16:30,61,189,66,266,84
2025-01-05,16:40,61,189,66,266,84
2025-01-05,16:50,61,189,65,266,84
2025-01-05,17:00,61,189,64,266,84
2025-01-05,17:10,61,189,63,266,84
2025-01-05,17:30,61,189,64,266,84
2025-01-05,17:40,61,188,64,265,84
2025-01-05,17:50,61,187,64,265,84
2025-01-05,18:10,61,188,64,265,84
2025-01-05,18:20,61,188,64,265,84
2025-01-05,18:30,61,188,64,266,84
2025-01-05,18:50,61,188,65,266,84
2025-01-05,19:00,61,187,65,266,84
2025-01-05,19:10,61,187,66,266,84
2025-01-05,19:20,61,187,66,266,84
2025-01-05,19:30,61,186,66,266,84
2025-01-05,19:40,61,186,66,266,84
2025-01-05,20:00,61,186,67,266,84
2025-01-05,20:10,61,186,67,266,84
2025-01-05,20:20,61,186,67,266,84
2025-01-05,20:30,61,186,67,266,84
2025-01-05,20:40,61,186,67,266,84
2025-01-05,20:50,61,186,67,266,84
2025-01-06,05:00,61,192,69,267,84
2025-01-06,05:10,61,192,69,267,84
2025-01-06,05:30,61,192,69,267,84
2025-01-06,06:00,61,190,68,267,84
2025-01-06,06:10,61,190,68,267,84
2025-01-06,06:20,61,190,68,267,84
2025-01-06,06:30,61,190,68,267,84
2025-01-06,06:40,61,190,68,267,84
2025-01-06,06:50,61,190,68,267,83
2025-01-06,07:00,61,189,68,267,83
2025-01-06,07:20,61,188,68,266,83
2025-01-06,07:30,61,188,68,266,83
2025-01-06,07:40,61,188,68,266,83
2025-01-06,07:50,61,188,68,266,83
2025-01-06,08:00,61,188,68,266,83
2025-01-06,08:10,61,188,68,266,83
2025-01-06,08:40,61,188,68,266,83
2025-01-06,09:00,61,188,68,266,83
2025-01-06,09:10,61,188,68,266,83
2025-01-06,09:20,61,188,68,266,83
2025-01-06,09:40,61,188,68,266,83
2025-01-06,09:50,61,188,67,266,83
2025-01-06,10:10,61,188,67,266,83
2025-01-06,10:20,61,188,67,266,83
2025-01-06,10:30,61,188,67,266,83
2025-01-06,10:40,61,188,67,266,83
2025-01-06,10:50,61,188,67,266,83
2025-01-06,11:00,61,188,67,266,83
2025-01-06,11:10,61,188,67,266,83
2025-01-06,11:20,61,188,67,266,83
2025-01-06,11:30,61,188,67,266,83
2025-01-06,11:40,61,188,67,266,83
2025-01-06,11:50,61,187,67,266,83
2025-01-06,12:10,61,187,67,266,83
2025-01-06,12:20,61,185,67,266,83
2025-01-06,12:40,61,184,67,266,83
2025-01-06,13:00,61,185,66,265,83
2025-01-06,13:10,61,185,66,265,83
2025-01-06,13:20,60,185,66,265,83
2025-01-06,13:30,60,186,66,265,83
2025-01-06,13:40,60,186,66,265,83
2025-01-06,13:50,60,186,66,265,83
2025-01-06,14:00,60,186,65,265,83
2025-01-06,14:10,60,186,65,265,83
2025-01-06,14:20,60,187,65,265,83
2025-01-06,14:30,60,187,64,265,83
2025-01-06,14:40,60,187,65,265,83
2025-01-06,14:50,60,188,65,264,83
2025-01-06,15:00,60,189,65,264,83
2025-01-06,15:10,60,188,65,264,83
2025-01-06,15:30,60,189,66,264,83
2025-01-06,15:40,60,189,66,264,83
2025-01-06,15:50,60,189,66,265,83
2025-01-06,16:00,60,189,66,265,83
2025-01-06,16:40,60,188,64,265,83
2025-01-06,16:50,60,188,64,265,83
2025-01-06,17:10,60,189,64,265,83
2025-01-06,17:20,59,189,63,265,83
2025-01-06,17:40,59,189,65,265,83
2025-01-06,18:00,59,188,65,265,84
2025-01-06,18:40,59,189,68,265,84
2025-01-06,18:50,59,189,68,265,84
2025-01-06,19:10,59,189,68,266,84
2025-01-06,19:20,59,189,68,267,84
2025-01-06,19:40,59,189,67,267,84
2025-01-06,19:50,59,189,67,267,84
2025-01-06,20:00,59,189,67,267,84
2025-01-06,20:10,59,189,67,267,84
2025-01-06,20:20,59,189,67,267,84
2025-01-06,20:30,59,189,67,267,84
2025-01-06,20:40,59,189,68,267,84
2025-01-06,20:50,59,189,68,267,84
2025-01-07,05:00,61,192,69,267,84
2025-01-07,05:10,61,192,69,267,84
2025-01-07,05:20,58,192,67,267,84
2025-01-07,05:30,57,192,67,267,84
2025-01-07,05:40,57,188,66,266,84
2025-01-07,05:50,55,187,61,264,83
2025-01-07,06:00,53,185,57,264,83
2025-01-07,06:30,50,175,29,262,83
2025-01-07,06:40,48,163,23,261,83
2025-01-07,06:50,47,150,11,258,83
2025-01-07,07:00,33,121,-20,252,83
2025-01-07,07:10,16,88,0,249,80
2025-01-07,07:20,0,49,0,240,80
2025-01-07,07:30,0,24,0,228,77
2025-01-07,07:50,0,3,0,214,73
2025-01-07,08:00,0,0,0,206,70
2025-01-07,08:10,0,0,0,201,64
2025-01-07,08:20,0,0,-10,193,62
2025-01-07,08:40,0,0,-10,179,57
2025-01-07,08:50,0,0,-10,164,56
2025-01-07,09:10,1,0,-10,126,53
2025-01-07,09:20,0,0,-8,117,51
2025-01-07,09:30,0,0,-7,114,51
2025-01-07,09:40,0,0,-7,111,49
2025-01-07,09:50,0,0,-7,108,47
2025-01-07,10:00,0,0,-5,103,45
2025-01-07,10:10,0,0,-5,96,42
2025-01-07,10:20,0,0,-5,93,40
2025-01-07,10:30,0,0,-5,89,40
2025-01-07,10:40,0,0,-5,81,40
2025-01-07,10:50,0,0,-5,75,37
2025-01-07,11:00,0,0,-5,60,38
2025-01-07,11:10,0,0,-4,56,36
2025-01-07,11:20,0,0,-4,58,33
2025-01-07,11:30,0,0,-3,56,32
2025-01-07,11:40,0,1,-3,53,32
2025-01-07,12:00,1,0,-3,51,31
2025-01-07,12:10,0,0,-3,53,28
2025-01-07,12:20,0,0,-3,52,29
2025-01-07,12:30,0,0,-3,50,28
2025-01-07,12:50,0,0,-2,51,28
2025-01-07,13:00,0,0,-2,43,29
2025-01-07,13:10,0,0,-2,52,29
2025-01-07,13:20,0,1,-2,55,27
2025-01-07,13:40,0,2,-1,58,26
2025-01-07,13:50,1,3,2,59,25
2025-01-07,14:00,5,5,5,61,24
2025-01-07,14:20,2,13,10,66,27
2025-01-07,14:30,4,11,14,69,32
2025-01-07,14:40,2,18,16,70,36
2025-01-07,15:00,0,25,9,85,41
2025-01-07,15:30,5,43,8,110,47
2025-01-07,15:40,8,49,8,123,53
2025-01-07,15:50,10,52,8,132,53
2025-01-07,16:00,9,59,10,138,52
2025-01-07,16:30,8,72,13,149,52
2025-01-07,16:40,8,74,13,154,54
2025-01-07,16:50,8,84,14,164,58
2025-01-07,17:00,13,85,15,177,59
2025-01-07,17:10,13,78,14,179,62
2025-01-07,17:20,14,79,11,186,63
2025-01-07,17:30,14,79,11,188,64
2025-01-07,17:50,16,83,13,190,65
2025-01-07,18:10,18,87,12,191,67
2025-01-07,18:20,18,88,13,196,67
2025-01-07,18:30,20,92,16,198,67
2025-01-07,18:40,21,105,20,204,68
2025-01-07,18:50,21,110,19,207,69
2025-01-07,19:00,23,109,17,211,70
2025-01-07,19:40,24,122,23,219,75
2025-01-07,19:50,24,123,25,220,75
2025-01-07,20:00,24,123,26,223,75
2025-01-07,20:10,25,126,28,223,75
2025-01-07,20:20,25,130,28,224,77
2025-01-07,20:30,26,134,34,226,77
2025-01-07,20:50,27,137,42,228,82
